event_id,date,time,body_id,body,agenda_status,minutes_status,location,agenda_url,minutes_url,video_url
2920,2025-01-15,10:00 AM,290,Ad Hoc 2028 Olympic & Paralympic Games Committee,Canceled,Draft,"One Gateway Plaza, Los Angeles, CA 90012",https://metro.legistar1.com/metro/meetings/2025/1/2920_A_Ad_Hoc_2028_Olympic___Paralympic_Games_Committee_25-01-15_Agenda.pdf,,
2921,2025-01-15,11:00 AM,140,Planning and Programming Committee,Final Revised,Draft,"One Gateway Plaza, Los Angeles, CA 90012, 
3rd Floor, Metro Board Room",https://metro.legistar1.com/metro/meetings/2025/1/2921_A_Planning_and_Programming_Committee_25-01-15_Agenda.pdf,,
2922,2025-01-15,1:00 PM,174,Construction Committee,Canceled,Draft,"One Gateway Plaza, Los Angeles, CA 90012, 
3rd Floor, Metro Board Room",https://metro.legistar1.com/metro/meetings/2025/1/2922_A_Construction_Committee_25-01-15_Agenda.pdf,,
2923,2025-01-16,10:00 AM,139,"Finance, Budget and Audit Committee",Canceled,Draft,"One Gateway Plaza, Los Angeles, CA 90012, 
3rd Floor, Metro Board Room",https://metro.legistar1.com/metro/meetings/2025/1/2923_A_Finance%2C_Budget_and_Audit_Committee_25-01-16_Agenda.pdf,,
2924,2025-01-16,11:00 AM,173,Executive Management Committee,Final Revised,Draft,"One Gateway Plaza, Los Angeles, CA 90012, 
3rd Floor, Metro Board Room",https://metro.legistar1.com/metro/meetings/2025/1/2924_A_Executive_Management_Committee_25-01-16_Agenda.pdf,,
2925,2025-01-16,1:00 PM,245,"Operations, Safety, and Customer Experience Committee",Final Revised,Draft,"One Gateway Plaza, Los Angeles, CA 90012, 
3rd Floor, Metro Board Room",https://metro.legistar1.com/metro/meetings/2025/1/2925_A_Operations%2C_Safety%2C_and_Customer_Experience_Committee_25-01-16_Agenda.pdf,,
2926,2025-01-23,10:00 AM,138,Board of Directors - Regular Board Meeting,Final,Draft,"One Gateway Plaza, Los Angeles, CA 90012, 
3rd Floor, Metro Board Room",https://metro.legistar1.com/metro/meetings/2025/1/2926_A_Board_of_Directors_-_Regular_Board_Meeting_25-01-23_Agenda.pdf,,
2927,2025-02-19,11:00 AM,140,Planning and Programming Committee,Final,Draft,"One Gateway Plaza, Los Angeles, CA 90012, 
3rd Floor, Metro Board Room",https://metro.legistar1.com/metro/meetings/2025/2/2927_A_Planning_and_Programming_Committee_25-02-19_Agenda.pdf,,
2928,2025-02-19,1:00 PM,174,Construction Committee,Final,Draft,"One Gateway Plaza, Los Angeles, CA 90012, 
3rd Floor, Metro Board Room",https://metro.legistar1.com/metro/meetings/2025/2/2928_A_Construction_Committee_25-02-19_Agenda.pdf,,
2929,2025-02-20,10:00 AM,139,"Finance, Budget and Audit Committee",Final,Draft,"One Gateway Plaza, Los Angeles, CA 90012, 
3rd Floor, Metro Board Room",https://metro.legistar1.com/metro/meetings/2025/2/2929_A_Finance%2C_Budget_and_Audit_Committee_25-02-20_Agenda.pdf,,
2930,2025-02-20,11:00 AM,173,Executive Management Committee,Final,Draft,"One Gateway Plaza, Los Angeles, CA 90012, 
3rd Floor, Metro Board Room",https://metro.legistar1.com/metro/meetings/2025/2/2930_A_Executive_Management_Committee_25-02-20_Agenda.pdf,,
2931,2025-02-20,1:00 PM,245,"Operations, Safety, and Customer Experience Committee",Final,Draft,"One Gateway Plaza, Los Angeles, CA 90012, 
3rd Floor, Metro Board Room",https://metro.legistar1.com/metro/meetings/2025/2/2931_A_Operations%2C_Safety%2C_and_Customer_Experience_Committee_25-02-20_Agenda.pdf,,
2932,2025-02-27,10:00 AM,138,Board of Directors - Regular Board Meeting,Final,Draft,"One Gateway Plaza, Los Angeles, CA 90012, 
3rd Floor, Metro Board Room",https://metro.legistar1.com/metro/meetings/2025/2/2932_A_Board_of_Directors_-_Regular_Board_Meeting_25-02-27_Agenda.pdf,,
2933,2025-03-19,11:00 AM,140,Planning and Programming Committee,Final,Draft,"One Gateway Plaza, Los Angeles, CA 90012, 
3rd Floor, Metro Board Room",https://metro.legistar1.com/metro/meetings/2025/3/2933_A_Planning_and_Programming_Committee_25-03-19_Agenda.pdf,,
2934,2025-03-19,1:00 PM,174,Construction Committee,Final,Draft,"One Gateway Plaza, Los Angeles, CA 90012, 
3rd Floor, Metro Board Room",https://metro.legistar1.com/metro/meetings/2025/3/2934_A_Construction_Committee_25-03-19_Agenda.pdf,,
2935,2025-03-20,10:00 AM,139,"Finance, Budget and Audit Committee",Final,Draft,"One Gateway Plaza, Los Angeles, CA 90012, 
3rd Floor, Metro Board Room",https://metro.legistar1.com/metro/meetings/2025/3/2935_A_Finance%2C_Budget_and_Audit_Committee_25-03-20_Agenda.pdf,,
2936,2025-03-20,11:00 AM,173,Executive Management Committee,Canceled,Draft,"One Gateway Plaza, Los Angeles, CA 90012, 
3rd Floor, Metro Board Room",,,
2937,2025-03-20,1:00 PM,245,"Operations, Safety, and Customer Experience Committee",Final,Draft,"One Gateway Plaza, Los Angeles, CA 90012, 
3rd Floor, Metro Board Room",https://metro.legistar1.com/metro/meetings/2025/3/2937_A_Operations%2C_Safety%2C_and_Customer_Experience_Committee_25-03-20_Agenda.pdf,,
2938,2025-03-27,10:00 AM,138,Board of Directors - Regular Board Meeting,Final,Draft,"One Gateway Plaza, Los Angeles, CA 90012, 
3rd Floor, Metro Board Room",https://metro.legistar1.com/metro/meetings/2025/3/2938_A_Board_of_Directors_-_Regular_Board_Meeting_25-03-27_Agenda.pdf,,
2939,2025-05-14,10:00 AM,290,Ad Hoc 2028 Olympic & Paralympic Games Committee,Final,Draft,"One Gateway Plaza, Los Angeles, CA 90012",https://metro.legistar1.com/metro/meetings/2025/5/2939_A_Ad_Hoc_2028_Olympic___Paralympic_Games_Committee_25-05-14_Agenda.pdf,,
2940,2025-04-16,11:00 AM,140,Planning and Programming Committee,Final,Draft,"One Gateway Plaza, Los Angeles, CA 90012, 
3rd Floor, Metro Board Room",https://metro.legistar1.com/metro/meetings/2025/4/2940_A_Planning_and_Programming_Committee_25-04-16_Agenda.pdf,,
2941,2025-04-16,1:00 PM,174,Construction Committee,Final,Draft,"One Gateway Plaza, Los Angeles, CA 90012, 
3rd Floor, Metro Board Room",https://metro.legistar1.com/metro/meetings/2025/4/2941_A_Construction_Committee_25-04-16_Agenda.pdf,,
2942,2025-04-17,10:00 AM,139,"Finance, Budget and Audit Committee",Final,Draft,"One Gateway Plaza, Los Angeles, CA 90012, 
3rd Floor, Metro Board Room",https://metro.legistar1.com/metro/meetings/2025/4/2942_A_Finance%2C_Budget_and_Audit_Committee_25-04-17_Agenda.pdf,,
2943,2025-04-17,11:00 AM,173,Executive Management Committee,Final,Draft,"One Gateway Plaza, Los Angeles, CA 90012, 
3rd Floor, Metro Board Room",https://metro.legistar1.com/metro/meetings/2025/4/2943_A_Executive_Management_Committee_25-04-17_Agenda.pdf,,
2944,2025-04-17,1:00 PM,245,"Operations, Safety, and Customer Experience Committee",Final,Draft,"One Gateway Plaza, Los Angeles, CA 90012, 
3rd Floor, Metro Board Room",https://metro.legistar1.com/metro/meetings/2025/4/2944_A_Operations%2C_Safety%2C_and_Customer_Experience_Committee_25-04-17_Agenda.pdf,,
2945,2025-04-24,10:00 AM,138,Board of Directors - Regular Board Meeting,Final,Draft,"One Gateway Plaza, Los Angeles, CA 90012, 
3rd Floor, Metro Board Room",https://metro.legistar1.com/metro/meetings/2025/4/2945_A_Board_of_Directors_-_Regular_Board_Meeting_25-04-24_Agenda.pdf,,
2946,2025-05-14,11:00 AM,140,Planning and Programming Committee,Final,Draft,"One Gateway Plaza, Los Angeles, CA 90012, 
3rd Floor, Metro Board Room",https://metro.legistar1.com/metro/meetings/2025/5/2946_A_Planning_and_Programming_Committee_25-05-14_Agenda.pdf,,
2947,2025-05-14,1:00 PM,174,Construction Committee,Canceled,Draft,"One Gateway Plaza, Los Angeles, CA 90012, 
3rd Floor, Metro Board Room",,,
2948,2025-05-15,10:00 AM,139,"Finance, Budget and Audit Committee",Final,Draft,"One Gateway Plaza, Los Angeles, CA 90012, 
3rd Floor, Metro Board Room",https://metro.legistar1.com/metro/meetings/2025/5/2948_A_Finance%2C_Budget_and_Audit_Committee_25-05-15_Agenda.pdf,,
2949,2025-05-15,11:30 AM,173,Executive Management Committee,Final,Draft,"One Gateway Plaza, Los Angeles, CA 90012, 
3rd Floor, Metro Board Room",https://metro.legistar1.com/metro/meetings/2025/5/2949_A_Executive_Management_Committee_25-05-15_Agenda.pdf,,
2950,2025-05-15,1:30 PM,245,"Operations, Safety, and Customer Experience Committee",Final,Draft,"One Gateway Plaza, Los Angeles, CA 90012, 
3rd Floor, Metro Board Room",https://metro.legistar1.com/metro/meetings/2025/5/2950_A_Operations%2C_Safety%2C_and_Customer_Experience_Committee_25-05-15_Agenda.pdf,,
2951,2025-05-22,10:00 AM,138,Board of Directors - Regular Board Meeting,Final,Draft,"One Gateway Plaza, Los Angeles, CA 90012, 
3rd Floor, Metro Board Room",https://metro.legistar1.com/metro/meetings/2025/5/2951_A_Board_of_Directors_-_Regular_Board_Meeting_25-05-22_Agenda.pdf,,
2952,2025-06-26,10:00 AM,138,Board of Directors - Regular Board Meeting,Final,Draft,"One Gateway Plaza, Los Angeles, CA 90012, 
3rd Floor, Metro Board Room",https://metro.legistar1.com/metro/meetings/2025/6/2952_A_Board_of_Directors_-_Regular_Board_Meeting_25-06-26_Agenda.pdf,,
3057,2025-01-08,6:00 PM,259,Westside/Central Service Council,Final,Draft,"1 Gateway Plaza, Los Angeles, CA 90012",,,
3058,2025-01-09,5:00 PM,260,Gateway Cities Service Council,Final,Draft,"3401 E Florence Av, Huntington Park, CA 90255",,,
3059,2025-01-10,9:30 AM,257,South Bay Service Council,Final,Draft,"2420 Marine Av, Redondo Beach, CA  90278",,,
3060,2025-01-13,5:00 PM,258,San Gabriel Valley Service Council,Final,Draft,"3449 Santa Anita Av (Santa Anita Av & Ramona Bl), El Monte, CA 9173",,,
3062,2025-02-05,6:30 PM,256,San Fernando Valley Service Council,Final,Draft,"6262 Van Nuys Blvd, Los Angeles, Ca  91401",,,
3063,2025-02-10,5:00 PM,258,San Gabriel Valley Service Council,Final,Draft,"3449 Santa Anita Av (Santa Anita Av & Ramona Bl), El Monte, CA 9173",,,
3066,2025-02-12,6:00 PM,259,Westside/Central Service Council,Final,Draft,"1 Gateway Plaza, Los Angeles, CA 90012",,,
3067,2025-02-13,5:00 PM,260,Gateway Cities Service Council,Final,Draft,"3401 E Florence Av, Huntington Park, CA 90255",,,
3068,2025-02-14,9:30 AM,257,South Bay Service Council,Final,Draft,"2420 Marine Av, Redondo Beach, CA  90278",,,
3070,2025-03-10,5:00 PM,258,San Gabriel Valley Service Council,Final,Draft,"3449 Santa Anita Av (Santa Anita Av & Ramona Bl), El Monte, CA 91731",,,
3071,2025-03-05,6:30 PM,256,San Fernando Valley Service Council,Final,Draft,"6262 Van Nuys Blvd, Los Angeles, Ca  91401",,,
3074,2025-02-12,6:00 PM,259,Westside/Central Service Council,Final,Draft,"1 Gateway Plaza, Los Angeles, CA 90012",,,
3075,2025-03-12,6:00 PM,259,Westside/Central Service Council,Final,Draft,"1 Gateway Plaza, Los Angeles, CA 90012",,,
3076,2025-03-13,5:00 PM,260,Gateway Cities Service Council,Final,Draft,"3401 E Florence Av, Huntington Park, CA 90255",,,
3077,2025-03-14,9:30 AM,257,South Bay Service Council,Final,Draft,"2420 Marine Av, Redondo Beach, CA  90278",,,
3094,2025-01-15,6:00 PM,259,Westside/Central Service Council,Final,Draft,"Metro Board Room, 1 Gateway Plaza, Los Angeles, CA 90012",,,
3097,2025-01-23,5:00 PM,260,Gateway Cities Service Council,Final,Draft,"3401 E Florence Av, Huntington Park, CA 90255",,,
3098,2025-01-27,5:00 PM,258,San Gabriel Valley Service Council,Final,Draft,"3449 Santa Anita Av (Santa Anita Av & Ramona Bl), El Monte, CA 91731",,,
3099,2025-02-19,10:00 AM,290,Ad Hoc 2028 Olympic & Paralympic Games Committee,Final,Draft,"One Gateway Plaza, Los Angeles, CA 90012",https://metro.legistar1.com/metro/meetings/2025/2/3099_A_Ad_Hoc_2028_Olympic___Paralympic_Games_Committee_25-02-19_Agenda.pdf,,
3102,2025-03-05,10:00 AM,248,Measure M Independent Taxpayer Oversight Committee,Final,Draft,"One Gateway Plaza, Los Angeles, CA 90012, 
3rd Floor, Metro Board Room",https://metro.legistar1.com/metro/meetings/2025/3/3102_A_Measure_M_Independent_Taxpayer_Oversight_Committee_25-03-05_Agenda.pdf,,
3103,2025-03-05,2:00 PM,251,Independent Citizen's Advisory and Oversight Committee,Final,Draft,"One Gateway Plaza, Los Angeles, CA 90012, 
3rd Floor, Metro Board Room",https://metro.legistar1.com/metro/meetings/2025/3/3103_A_Independent_Citizen%E2%80%99s_Advisory_and_Oversight_Committee_25-03-05_Agenda.pdf,,
3104,2025-03-05,1:00 PM,250,Measure R Independent Taxpayer Oversight Committee,Final,Draft,"One Gateway Plaza, Los Angeles, CA 90012, 
3rd Floor, Metro Board Room",https://metro.legistar1.com/metro/meetings/2025/3/3104_A_Measure_R_Independent_Taxpayer_Oversight_Committee_25-03-05_Agenda.pdf,,
3106,2025-02-18,5:00 PM,274,Service Councils - Meet and Confer,Final,Draft,"1 Gateway Plaza, 15th floor William Mulholland Conference Room, Los Angeles, CA 90012",,,
3109,2025-05-06,5:00 PM,274,Service Councils - Meet and Confer,Final,Draft,"1 Gateway Plaza, Los Angeles, CA 90012",,,
3110,2025-08-11,4:00 PM,274,Service Councils - Meet and Confer,Final,Draft,"1 Gateway Plaza, Los Angeles, CA 90012",,,
3111,2025-11-18,5:00 PM,274,Service Councils - Meet and Confer,Final,Draft,"1 Gateway Plaza, Los Angeles, CA 90012",,,
3139,2025-04-02,6:30 PM,256,San Fernando Valley Service Council,Final,Draft,"Marvin Braude San Fernando Valley Constituent Service Center (6262 Van Nuys Blvd, Los Angeles, Ca  91401)",,,
3140,2025-04-14,5:00 PM,258,San Gabriel Valley Service Council,Final,Draft,"Citrus College Board Room, 1000 W Foothill Bl, Glendora, CA 91741",,,
3141,2025-04-14,6:00 PM,271,San Gabriel Valley Service Council Public Hearing,Final,Draft,"Citrus College Board Room, 1000 W Foothill Bl, Glendora, CA 91741",,,
3142,2025-04-09,6:00 PM,259,Westside/Central Service Council,Final,Draft,"Metro Board Room, 1 Gateway Plaza, Los Angeles, CA 90012",,,
3143,2025-04-10,5:00 PM,260,Gateway Cities Service Council,Final,Draft,"Salt Lake Park Community Center Lounge, 3401 E Florence Av, Huntington Park, CA 90255",,,
3144,2025-04-11,9:30 AM,257,South Bay Service Council,Final,Draft,"Residence Inn, 2420 Marine Av, Redondo Beach, CA  90278",,,
3145,2025-05-09,9:30 AM,257,South Bay Service Council,Final,Draft,"Residence Inn, 2420 Marine Av, Redondo Beach, CA  90278",,,
3146,2025-05-08,5:00 PM,260,Gateway Cities Service Council,Final,Draft,"Salt Lake Park Community Center Lounge, 3401 E Florence Av, Huntington Park, CA 90255",,,
3147,2025-05-14,6:00 PM,259,Westside/Central Service Council,Final,Draft,"Metro Board Room, 1 Gateway Plaza, Los Angeles, CA 90012",,,
3148,2025-05-12,5:00 PM,258,San Gabriel Valley Service Council,Final,Draft,"Metro Division 9 Building, 3rd Floor Service Council Conference Room, 3449 Santa Anita Av (Santa Anita Av & Ramona Bl), El Monte, CA 91731",,,
3149,2025-05-07,6:30 PM,256,San Fernando Valley Service Council,Final,Draft,"Marvin Braude San Fernando Valley Constituent Service Center (6262 Van Nuys Blvd, Los Angeles, Ca  91401)",,,
3150,2025-06-04,6:30 PM,256,San Fernando Valley Service Council,Final,Draft,"Marvin Braude San Fernando Valley Constituent Service Center (6262 Van Nuys Blvd, Los Angeles, Ca  91401)",,,
3151,2025-06-09,5:00 PM,258,San Gabriel Valley Service Council,Final,Draft,"Metro Division 9 Building, 3rd Floor Service Council Conference Room, 3449 Santa Anita Av (Santa Anita Av & Ramona Bl), El Monte, CA 91731",,,
3152,2025-06-11,6:00 PM,259,Westside/Central Service Council,Final,Draft,"Metro Board Room, 1 Gateway Plaza, Los Angeles, CA 90012",,,
3153,2025-06-12,5:00 PM,260,Gateway Cities Service Council,Final,Draft,"Salt Lake Park Community Center Lounge, 3401 E Florence Av, Huntington Park, CA 90255",,,
3154,2025-06-13,9:30 AM,257,South Bay Service Council,Final,Draft,"Residence Inn, 2420 Marine Av, Redondo Beach, CA  90278",,,
3155,2025-06-11,5:30 PM,273,Westside/Central Service Council Public Hearing,Final,Draft,"Metro Board Room, 1 Gateway Plaza, Los Angeles, CA 90012",,,
3156,2025-06-18,9:00 AM,139,"Finance, Budget and Audit Committee",Final,Draft,"One Gateway Plaza, Los Angeles, CA 90012, 
3rd Floor, Metro Board Room",https://metro.legistar1.com/metro/meetings/2025/6/3156_A_Finance%2C_Budget_and_Audit_Committee_25-06-18_Agenda.pdf,,
3157,2025-06-18,10:00 AM,140,Planning and Programming Committee,Final,Draft,"One Gateway Plaza, Los Angeles, CA 90012, 
3rd Floor, Metro Board Room",https://metro.legistar1.com/metro/meetings/2025/6/3157_A_Planning_and_Programming_Committee_25-06-18_Agenda.pdf,,
3158,2025-06-18,11:00 AM,173,Executive Management Committee,Final,Draft,"One Gateway Plaza, Los Angeles, CA 90012, 
3rd Floor, Metro Board Room",https://metro.legistar1.com/metro/meetings/2025/6/3158_A_Executive_Management_Committee_25-06-18_Agenda.pdf,,
3159,2025-06-18,1:00 PM,174,Construction Committee,Final,Draft,"One Gateway Plaza, Los Angeles, CA 90012, 
3rd Floor, Metro Board Room",https://metro.legistar1.com/metro/meetings/2025/6/3159_A_Construction_Committee_25-06-18_Agenda.pdf,,
3160,2025-06-18,2:00 PM,245,"Operations, Safety, and Customer Experience Committee",Final,Draft,"One Gateway Plaza, Los Angeles, CA 90012, 
3rd Floor, Metro Board Room",https://metro.legistar1.com/metro/meetings/2025/6/3160_A_Operations%2C_Safety%2C_and_Customer_Experience_Committee_25-06-18_Agenda.pdf,,
3162,2025-04-04,10:00 AM,310,Special Board Member Workshop,Final,Draft,"Los Angeles Swimming Stadium
Comrie Hall, 3980 Bill Robertson Lane, Los Angeles, CA 90037",https://metro.legistar1.com/metro/meetings/2025/4/3162_A_Special_Board_Member_Workshop_25-04-04_Agenda.pdf,,
3165,2025-05-15,10:00 AM,222,Budget Public Hearing,Final,Draft,"One Gateway Plaza, Los Angeles, CA 90012, 
3rd Floor, Metro Board Room",https://metro.legistar1.com/metro/meetings/2025/5/3165_A_Budget_Public_Hearing_25-05-15_Agenda.pdf,,
3172,2025-05-22,10:00 AM,198,LA SAFE,Final,Draft,"One Gateway Plaza, Los Angeles, CA 90012, 
3rd Floor, Metro Board Conference Room",https://metro.legistar1.com/metro/meetings/2025/5/3172_A_LA_SAFE_25-05-22_Agenda.pdf,,
3174,2025-04-29,1:00 PM,304,PTSC-MTA Risk Management Authority,Final,Draft,"One Gateway Plaza, Los Angeles, CA 90012, 
3rd Floor, Metro Board Room",https://metro.legistar1.com/metro/meetings/2025/4/3174_A_PTSC-MTA_Risk_Management_Authority_25-04-29_Agenda.pdf,,
3180,2025-06-02,9:00 AM,265,Measure R Independent Taxpayer Oversight Committee - Public Hearing,Final,Draft,"One Gateway Plaza, Los Angeles, CA 90012, 
3rd Floor, Metro Board Room",https://metro.legistar1.com/metro/meetings/2025/6/3180_A_Measure_R_Independent_Taxpayer_Oversight_Committee_-_Public_Hearing_25-06-02_Agenda.pdf,,
3181,2025-06-04,10:00 AM,264,Measure M Independent Taxpayer Oversight Committee - Public Hearing,Final,Draft,"One Gateway Plaza, Los Angeles, CA 90012, 
3rd Floor, Metro Board Room",https://metro.legistar1.com/metro/meetings/2025/6/3181_A_Measure_M_Independent_Taxpayer_Oversight_Committee_-_Public_Hearing_25-06-04_Agenda.pdf,,
3182,2025-06-04,1:00 PM,263,Independent Citizens' Advisory and Oversight Committee - Public Hearing,Final,Draft,"One Gateway Plaza, Los Angeles, CA 90012, 
3rd Floor, Metro Board Room",https://metro.legistar1.com/metro/meetings/2025/6/3182_A_Independent_Citizens%E2%80%99_Advisory_and_Oversight_Committee_-_Public_Hearing_25-06-04_Agenda.pdf,,
3190,2025-06-04,10:00 AM,248,Measure M Independent Taxpayer Oversight Committee,Final,Draft,"One Gateway Plaza, Los Angeles, CA 90012, 
3rd Floor, Metro Board Room",https://metro.legistar1.com/metro/meetings/2025/6/3190_A_Measure_M_Independent_Taxpayer_Oversight_Committee_25-06-04_Agenda.pdf,,
3191,2025-07-16,11:00 AM,140,Planning and Programming Committee,Final,Draft,"One Gateway Plaza, Los Angeles, CA 90012, 
3rd Floor, Metro Board Room",https://metro.legistar1.com/metro/meetings/2025/7/3191_A_Planning_and_Programming_Committee_25-07-16_Agenda.pdf,,
3192,2025-07-16,1:00 PM,174,Construction Committee,Final,Draft,"One Gateway Plaza, Los Angeles, CA 90012, 
3rd Floor, Metro Board Room",https://metro.legistar1.com/metro/meetings/2025/7/3192_A_Construction_Committee_25-07-16_Agenda.pdf,,
3193,2025-07-17,10:00 AM,139,"Finance, Budget and Audit Committee",Final,Draft,"One Gateway Plaza, Los Angeles, CA 90012, 
3rd Floor, Metro Board Room",https://metro.legistar1.com/metro/meetings/2025/7/3193_A_Finance%2C_Budget_and_Audit_Committee_25-07-17_Agenda.pdf,,
3194,2025-07-17,11:00 AM,173,Executive Management Committee,Final,Draft,"One Gateway Plaza, Los Angeles, CA 90012, 
3rd Floor, Metro Board Room",https://metro.legistar1.com/metro/meetings/2025/7/3194_A_Executive_Management_Committee_25-07-17_Agenda.pdf,,
3195,2025-07-17,1:00 PM,245,"Operations, Safety, and Customer Experience Committee",Final,Draft,"One Gateway Plaza, Los Angeles, CA 90012, 
3rd Floor, Metro Board Room",https://metro.legistar1.com/metro/meetings/2025/7/3195_A_Operations%2C_Safety%2C_and_Customer_Experience_Committee_25-07-17_Agenda.pdf,,
3196,2025-07-24,10:00 AM,138,Board of Directors - Regular Board Meeting,Final,Draft,"One Gateway Plaza, Los Angeles, CA 90012, 
3rd Floor, Metro Board Room",https://metro.legistar1.com/metro/meetings/2025/7/3196_A_Board_of_Directors_-_Regular_Board_Meeting_25-07-24_Agenda.pdf,,
3197,2025-09-17,1:00 PM,174,Construction Committee,Final,Draft,"One Gateway Plaza, Los Angeles, CA 90012, 
3rd Floor, Metro Board Room",https://metro.legistar1.com/metro/meetings/2025/9/3197_A_Construction_Committee_25-09-17_Agenda.pdf,,
3198,2025-09-17,3:00 PM,199,Board of Directors - Special Board Meeting,Final,Draft,"One Gateway Plaza, Los Angeles, CA 90012, 
3rd Floor, Metro Board Room",https://metro.legistar1.com/metro/meetings/2025/9/3198_A_Board_of_Directors_-_Special_Board_Meeting_25-09-17_Agenda.pdf,,
3199,2025-09-17,11:00 AM,140,Planning and Programming Committee,Final,Draft,"One Gateway Plaza, Los Angeles, CA 90012, 
3rd Floor, Metro Board Room",https://metro.legistar1.com/metro/meetings/2025/9/3199_A_Planning_and_Programming_Committee_25-09-17_Agenda.pdf,,
3200,2025-09-18,10:00 AM,139,"Finance, Budget and Audit Committee",Final,Draft,"One Gateway Plaza, Los Angeles, CA 90012, 
3rd Floor, Metro Board Room",https://metro.legistar1.com/metro/meetings/2025/9/3200_A_Finance%2C_Budget_and_Audit_Committee_25-09-18_Agenda.pdf,,
3201,2025-09-18,11:00 AM,173,Executive Management Committee,Final,Draft,"One Gateway Plaza, Los Angeles, CA 90012, 
3rd Floor, Metro Board Room",https://metro.legistar1.com/metro/meetings/2025/9/3201_A_Executive_Management_Committee_25-09-18_Agenda.pdf,,
3202,2025-09-18,1:00 PM,245,"Operations, Safety, and Customer Experience Committee",Final,Draft,"One Gateway Plaza, Los Angeles, CA 90012, 
3rd Floor, Metro Board Room",https://metro.legistar1.com/metro/meetings/2025/9/3202_A_Operations%2C_Safety%2C_and_Customer_Experience_Committee_25-09-18_Agenda.pdf,,
3203,2025-09-25,10:00 AM,138,Board of Directors - Regular Board Meeting,Final,Draft,"One Gateway Plaza, Los Angeles, CA 90012, 
3rd Floor, Metro Board Room",https://metro.legistar1.com/metro/meetings/2025/9/3203_A_Board_of_Directors_-_Regular_Board_Meeting_25-09-25_Agenda.pdf,,
3204,2025-10-15,1:00 PM,174,Construction Committee,Final,Draft,"One Gateway Plaza, Los Angeles, CA 90012, 
3rd Floor, Metro Board Room",https://metro.legistar1.com/metro/meetings/2025/10/3204_A_Construction_Committee_25-10-15_Agenda.pdf,,
3205,2025-10-15,11:00 AM,140,Planning and Programming Committee,Final,Draft,"One Gateway Plaza, Los Angeles, CA 90012, 
3rd Floor, Metro Board Room",https://metro.legistar1.com/metro/meetings/2025/10/3205_A_Planning_and_Programming_Committee_25-10-15_Agenda.pdf,,
3206,2025-10-16,10:00 AM,139,"Finance, Budget and Audit Committee",Canceled,Draft,"One Gateway Plaza, Los Angeles, CA 90012, 
3rd Floor, Metro Board Room",,,
3207,2025-10-16,11:00 AM,173,Executive Management Committee,Final,Draft,"One Gateway Plaza, Los Angeles, CA 90012, 
3rd Floor, Metro Board Room",https://metro.legistar1.com/metro/meetings/2025/10/3207_A_Executive_Management_Committee_25-10-16_Agenda.pdf,,
3208,2025-10-16,1:00 PM,245,"Operations, Safety, and Customer Experience Committee",Final,Draft,"One Gateway Plaza, Los Angeles, CA 90012, 
3rd Floor, Metro Board Room",https://metro.legistar1.com/metro/meetings/2025/10/3208_A_Operations%2C_Safety%2C_and_Customer_Experience_Committee_25-10-16_Agenda.pdf,,
3209,2025-10-23,10:00 AM,138,Board of Directors - Regular Board Meeting,Final,Draft,"One Gateway Plaza, Los Angeles, CA 90012, 
3rd Floor, Metro Board Room",https://metro.legistar1.com/metro/meetings/2025/10/3209_A_Board_of_Directors_-_Regular_Board_Meeting_25-10-23_Agenda.pdf,,
3210,2025-11-19,1:00 PM,174,Construction Committee,Final,Draft,"One Gateway Plaza, Los Angeles, CA 90012, 
3rd Floor, Metro Board Room",https://metro.legistar1.com/metro/meetings/2025/11/3210_A_Construction_Committee_25-11-19_Agenda.pdf,,
3211,2025-11-19,11:00 AM,140,Planning and Programming Committee,Final,Draft,"One Gateway Plaza, Los Angeles, CA 90012, 
3rd Floor, Metro Board Room",https://metro.legistar1.com/metro/meetings/2025/11/3211_A_Planning_and_Programming_Committee_25-11-19_Agenda.pdf,,
3212,2025-11-20,10:00 AM,139,"Finance, Budget and Audit Committee",Canceled,Draft,"One Gateway Plaza, Los Angeles, CA 90012, 
3rd Floor, Metro Board Room",,,
3213,2025-11-20,11:00 AM,173,Executive Management Committee,Final,Draft,"One Gateway Plaza, Los Angeles, CA 90012, 
3rd Floor, Metro Board Room",https://metro.legistar1.com/metro/meetings/2025/11/3213_A_Executive_Management_Committee_25-11-20_Agenda.pdf,,
3214,2025-11-20,1:00 PM,245,"Operations, Safety, and Customer Experience Committee",Final,Draft,"One Gateway Plaza, Los Angeles, CA 90012, 
3rd Floor, Metro Board Room",https://metro.legistar1.com/metro/meetings/2025/11/3214_A_Operations%2C_Safety%2C_and_Customer_Experience_Committee_25-11-20_Agenda.pdf,,
3215,2025-12-04,10:00 AM,138,Board of Directors - Regular Board Meeting,Final,Draft,"One Gateway Plaza, Los Angeles, CA 90012, 
3rd Floor, Metro Board Room",https://metro.legistar1.com/metro/meetings/2025/12/3215_A_Board_of_Directors_-_Regular_Board_Meeting_25-12-04_Agenda.pdf,,
3254,2025-07-02,6:30 PM,256,San Fernando Valley Service Council,Final,Draft,"Marvin Braude San Fernando Valley Constituent Service Center (6262 Van Nuys Blvd, Los Angeles, Ca  91401)",,,
3277,2025-07-14,5:00 PM,258,San Gabriel Valley Service Council,Final,Draft,"Metro Division 9 Building, 3rd Floor Conference Room, 3449 Santa Anita Av (Santa Anita Av & Ramona Bl), El Monte, CA 91731",,,
3278,2025-07-09,6:00 PM,259,Westside/Central Service Council,Final,Draft,"Metro Board Room, 1 Gateway Plaza, Los Angeles, CA 90012",,,
3279,2025-07-11,9:30 AM,257,South Bay Service Council,Final,Draft,"Residence Inn, 2420 Marine Av, Redondo Beach, CA  90278",,,
3280,2025-08-14,5:00 PM,260,Gateway Cities Service Council,Final,Draft,"Salt Lake Park Community Center Lounge, 3401 E Florence Av, Huntington Park, CA 90255",,,
3293,2025-09-03,6:30 PM,256,San Fernando Valley Service Council,Final,Draft,"Marvin Braude San Fernando Valley Constituent Service Center (6262 Van Nuys Blvd, Los Angeles, CA  91401)",,,
3294,2025-09-08,5:00 PM,258,San Gabriel Valley Service Council,Final,Draft,"Metro Division 9 Building, 3rd Floor Service Council Conference Room, 3449 Santa Anita Av, El Monte, CA 91731",,,
3295,2025-09-10,6:00 PM,259,Westside/Central Service Council,Final,Draft,"Metro Board Room, 1 Gateway Plaza, Los Angeles, CA 90012",,,
3296,2025-09-11,5:00 PM,260,Gateway Cities Service Council,Final,Draft,"Salt Lake Park Community Center Lounge, 3401 E Florence Av, Huntington Park, CA 90255",,,
3297,2025-09-12,9:30 AM,257,South Bay Service Council,Final,Draft,"Residence Inn, 2420 Marine Av, Redondo Beach, CA  90278",,,
3299,2025-10-01,6:30 PM,256,San Fernando Valley Service Council,Final,Draft,"Marvin Braude San Fernando Valley Constituent Center: 6280 Van Nuys Bl, Van Nuys, CA  91401",,,
3300,2025-10-08,6:00 PM,259,Westside/Central Service Council,Final,Draft,"Metro Headquarters Building: 1 Gateway Plaza, 3rd Floor Board Rm, Los Angeles, CA  90012",,,
3301,2025-10-09,5:00 PM,260,Gateway Cities Service Council,Final,Draft,"Salt Lake Park Community Center Lounge: 3401 E Florence Av, Huntington Park, CA  90255",,,
3302,2025-10-10,9:30 AM,257,South Bay Service Council,Final,Draft,"Residence Inn Conference Room: 2420 Marine Av, Redondo Beach, CA 90278",,,
3303,2025-10-13,5:00 PM,258,San Gabriel Valley Service Council,Final,Draft,"Metro El Monte Division 9 Building: 3rd Floor Service Council Conference Rm, 3449 Santa Anita Av, El Monte, CA  91731",,,
3305,2025-09-10,10:00 AM,248,Measure M Independent Taxpayer Oversight Committee,Final,Draft,"One Gateway Plaza, Los Angeles, CA 90012, 
3rd Floor, Metro Board Room",https://metro.legistar1.com/metro/meetings/2025/9/3305_A_Measure_M_Independent_Taxpayer_Oversight_Committee_25-09-10_Agenda.pdf,,
3318,2025-12-03,10:00 AM,248,Measure M Independent Taxpayer Oversight Committee,Final,Draft,"One Gateway Plaza, Los Angeles, CA 90012, 
3rd Floor, Metro Board Room",https://metro.legistar1.com/metro/meetings/2025/12/3318_A_Measure_M_Independent_Taxpayer_Oversight_Committee_25-12-03_Agenda.pdf,,
3320,2025-09-27,12:30 AM,245,"Operations, Safety, and Customer Experience Committee",Hidden,Draft,GRANICUS TEST,,,
3341,2025-11-05,6:30 PM,256,San Fernando Valley Service Council,Final,Draft,"Marvin Braude San Fernando Valley Constituent Service Center (6262 Van Nuys Blvd, Los Angeles, CA  91401)",,,
3342,2025-11-10,5:00 PM,258,San Gabriel Valley Service Council,Final,Draft,"Metro Division 9 Building, 3rd Floor Service Council Conference Room, 3449 Santa Anita Av, El Monte, CA Metro Division 9 Building, 3rd Floor Service Council Conference Room, 3449 Santa Anita Av, El Monte, CA 91731",,,
3343,2025-11-12,6:00 PM,259,Westside/Central Service Council,Final,Draft,"Metro Board Room, 1 Gateway Plaza, Los Angeles, CA 90012",,,
3344,2025-11-13,5:00 PM,260,Gateway Cities Service Council,Final,Draft,"Salt Lake Park Community Center Lounge, 3401 E Florence Av, Huntington Park, CA 90255",,,
3345,2025-11-14,9:30 AM,257,South Bay Service Council,Final,Draft,"Residence Inn, 2420 Marine Av, Redondo Beach, CA  90278",,,
3357,2025-12-15,5:00 PM,274,Service Councils - Meet and Confer,Final,Draft,"Metro Headquarters, One Gateway Plaza, 3rd Floor Union Station Conference Room, Los Angeles, CA  90012",,,
