person_id,name,first,last,active
1000,Pamela Kuo,Pamela,Kuo,1
1001,Bonnie Kwan,Bonnie,Kwan,1
1002,Remedios Maranan,Remedios,Maranan,1
1003,Martha Mengistu,Martha,Mengistu,1
1004,Jane Mohsin,Jane,Mohsin,1
1005,Arif Motiwala,Arif,Motiwala,1
1006,Nhung Nguyen-Panas,Nhung,Nguyen-Panas,1
1007,Nino Ocampo,Nino,Ocampo,1
1008,Ligaya Opoc,Ligaya,Opoc,1
1009,Edina Pagadora,Edina,Pagadora,1
1010,Kathy Park,Kathy,Park,1
1011,Alejandro Perez,Alejandro,Perez,1
1012,Mark Philip Po,Mark Philip,Po,1
1013,Noemi Pronuevo,Noemi,Pronuevo,1
1014,Hongmin Qie,Hongmin,Qie,1
1015,Dante Ramirez,Dante,Ramirez,1
1016,Lowelyn Ramirez,Lowelyn,Ramirez,1
1017,Marcelo Reyes,Marcelo,Reyes,1
1018,Rosalina Semana,Rosalina,Semana,1
1019,Jessica Smith,Jessica,Smith,1
1020,Jesse Soto,Jesse,Soto,1
1021,Maryline Tan,Maryline,Tan,1
1022,Michelle Thaung,Michelle,Thaung,1
1023,Alice Tran,Alice,Tran,1
1024,Corazon Uy,Corazon,Uy,1
1025,Romualdo Vegamora,Romualdo,Vegamora,1
1026,David Wakeling,David,Wakeling,1
1027,Mei Wang,Mei,Wang,1
1028,Sharon Wu,Sharon,Wu,1
1029,Allen Yeh,Allen,Yeh,1
1030,Susana Cariasa-Ginsberg,Susana,Cariasa-Ginsberg,1
1031,Marshall Liu,Marshall,Liu,1
1032,Donna Mills,Donna,Mills,1
1033,Mary Morgan,Mary,Morgan,1
1034,Luanne Schurtz,Luanne,Schurtz,1
1035,Matthew Wingert,Matthew,Wingert,1
1036,Jin Yan,Jin,Yan,1
1037,Maria Theresa Cortes,Maria Theresa,Cortes,1
1038,Brenda Bozeman,Brenda,Bozeman,1
1039,Rogaciano Chairez,Rogaciano,Chairez,1
1040,Beth Geary,Beth,Geary,1
1041,Yvette Nixon-Thompson,Yvette,Nixon-Thompson,1
1042,Janice Olsen,Janice,Olsen,1
1043,Jodi Stewart,Jodi,Stewart,1
1044,Nancy Pfeffer,Nancy,Pfeffer,1
1045,Flerida Astacio,Flerida,Astacio,1
1046,Andrew Barraza,Andrew,Barraza,1
1047,Melissa Bone,Melissa,Bone,1
1048,Sharon Bowe,Sharon,Bowe,1
1049,Allison De Franze,Allison,De Franze,1
1050,Tracy Dixon,Tracy,Dixon,1
1051,Sharon Doss,Sharon,Doss,1
1052,William Douglas,William,Douglas,1
1053,Consuelo Elizondo,Consuelo,Elizondo,1
1054,Christine Gates,Christine,Gates,1
1055,Lana Giordano,Lana,Giordano,1
1056,William Gomez,William,Gomez,1
1057,Kim Green,Kim,Green,1
1058,Olivia Hughes,Olivia,Hughes,1
1059,Yvonne Ibaven,Yvonne,Ibaven,1
1060,Yolanda James,Yolanda,James,1
1061,Gabriela Jimenez,Gabriela,Jimenez,1
1062,Clifton Ladage,Clifton,Ladage,1
1063,Cheryle Lewis,Cheryle,Lewis,1
1064,Leslie Loud,Leslie,Loud,1
1065,Cheryl Lougen,Cheryl,Lougen,1
1066,Corinna Lu,Corinna,Lu,1
1067,Marisol Marquez,Marisol,Marquez,1
1068,Richard Martin Del Campo,Richard,Martin Del Campo,1
1069,Marivic Martin,Marivic,Martin,1
1070,William Nelms,William,Nelms,1
1071,Todd Olivares,Todd,Olivares,1
1072,Martha Ramirez,Martha,Ramirez,1
1073,Maria Robles,Maria,Robles,1
1074,Rogelio Romero,Rogelio,Romero,1
1075,Jerry Royster,Jerry,Royster,1
1076,Michelle Samario,Michelle,Samario,1
1077,Velma Shadwick,Velma,Shadwick,1
1078,Rob Strong,Rob,Strong,1
1079,Theodore Valenciana,Theodore,Valenciana,1
1080,Patricia Vaughn,Patricia,Vaughn,1
1081,Alberto Vazquez,Alberto,Vazquez,1
1082,Gayle Ventus,Gayle,Ventus,1
1083,Antoinette Vines,Antoinette,Vines,1
1084,Dennis Vorochy,Dennis,Vorochy,1
1085,Juanita Welch,Juanita,Welch,1
1086,Alfred Willis,Alfred,Willis,1
1087,Cathy Yates,Cathy,Yates,1
1088,Rosemary Ybarra,Rosemary,Ybarra,1
1089,Veronica Lozano,Veronica,Lozano,1
1090,Joyce Perciballi,Joyce,Perciballi,1
1091,Vanessa Smith,Vanessa,Smith,1
1092,Victoria Woods,Victoria,Woods,1
1093,Jacqueline Aguilar Chavez,Jacqueline,Aguilar Chavez,1
1094,Ashley Aguilar,Ashley,Aguilar,1
1095,Flor Aguilar,Flor,Aguilar,1
1096,Bryhaunna Atanda,Bryhaunna,Atanda,1
1097,Jamequa Bailey,Jamequa,Bailey,1
1098,Luis Benavidez,Luis,Benavidez,1
1099,Diana Escobedo,Diana,Escobedo,1
1100,Georgina Esquivel,Georgina,Esquivel,1
1101,Joseph Esquivel,Joseph,Esquivel,1
1102,Mona Martinez,Mona,Martinez,1
1103,Luz Medina,Luz,Medina,1
1104,Ronald Mitchell,Ronald,Mitchell,1
1105,Mario Monteverde,Mario,Monteverde,1
1106,Gabriela Mutuc,Gabriela,Mutuc,1
1107,Wendy Rodriguez Amado,Wendy,Rodriguez Amado,1
1108,Carolina Romero,Carolina,Romero,1
1109,Linsey Shanks,Linsey,Shanks,1
1110,Ana Tejeda,Ana,Tejeda,1
1111,Irvin Villalobos Mojica,Irvin,Villalobos Mojica,1
1112,David Coffey,David,Coffey,1
1113,Michelle Littleton,Michelle,Littleton,1
1114,Augusto Lopez,Augusto,Lopez,1
1115,Maria Mariano,Maria,Mariano,1
1116,Marcelo Melicor,Marcelo,Melicor,1
1117,Mark Simpson,Mark,Simpson,1
1118,Shahryar Amiri,Shahryar,Amiri,1
1119,Wayland Bourne,Wayland,Bourne,1
1120,Frank Shapiro,Frank,Shapiro,1
1121,Anne Adelman,Anne,Adelman,1
1122,Manijeh Ahmadi,Manijeh,Ahmadi,1
1123,Perry Blake,Perry,Blake,1
1124,Conan Cheung,Conan,Cheung,1
1125,Koreyne Clarke,Koreyne,Clarke,1
1126,Michael Eshete,Michael,Eshete,1
1127,Christopher Gallanes,Christopher,Gallanes,1
1128,Shelly Han,Shelly,Han,1
1129,Marie Kim,Marie,Kim,1
1130,Luke Klipp,Luke,Klipp,1
1131,Jessica Lai,Jessica,Lai,1
1132,Andrew Lee,Andrew,Lee,1
1133,Nelson Mak,Nelson,Mak,1
1134,Timothy Mengle,Timothy,Mengle,1
1135,Anelli-Michelle Navarro,Anelli-Michelle,Navarro,1
1136,Thu Nguyen,Thu,Nguyen,1
1137,Drew Phillips,Drew,Phillips,1
1138,Ray Shaffer,Ray,Shaffer,1
1139,Quintin Sumabat,Quintin,Sumabat,1
1140,Fang Wang,Fang,Wang,1
1141,Melissa Wang,Melissa,Wang,1
1142,George Williamson,George,Williamson,1
1143,Claudia Galicia,Claudia,Galicia,1
1144,Imelda Hernandez,Imelda,Hernandez,1
1145,Jerry Lindsey,Jerry,Lindsey,1
1146,Forrest Miller,Forrest,Miller,1
1147,Melinda Perrier,Melinda,Perrier,1
1148,Angel Rosa,Angel,Rosa,1
1149,Ernest Ruben,Ernest,Ruben,1
1150,Alex Sanchez,Alex,Sanchez,1
1151,Krystal Castellanos,Krystal,Castellanos,1
1152,Joseph Contreras,Joseph,Contreras,1
1153,Deborah Bishop,Deborah,Bishop,1
1154,Rubi Depompa,Rubi,Depompa,1
1155,Dilara El-Assaad Rodriguez,Dilara,El-Assaad Rodriguez,1
1156,Julianne Fowler,Julianne,Fowler,1
1157,Daniel Heredia,Daniel,Heredia,1
1158,Shuyen Lin,Shuyen,Lin,1
1159,Maria Meleandez,Maria,Meleandez,1
1160,Michael Thompson,Michael,Thompson,1
1161,Cynthia Alvarado,Cynthia,Alvarado,1
1162,Samantha Aparicio,Samantha,Aparicio,1
1163,Raul Cruz,Raul,Cruz,1
1164,Jamie Delgadillo,Jamie,Delgadillo,1
1165,Kathi Harper,Kathi,Harper,1
1166,Shardae Jackson,Shardae,Jackson,1
1167,Evelyn Jaime,Evelyn,Jaime,1
1168,Peter Kalangie,Peter,Kalangie,1
1169,Marissa Mercado,Marissa,Mercado,1
1170,Jose Ramirez,Jose,Ramirez,1
1171,Maria Kristina Saraza,Maria Kristina,Saraza,1
1172,Jamia Scranton,Jamia,Scranton,1
1173,Taylor Turner,Taylor,Turner,1
1174,Sandra Blanco-Sanchez,Sandra,Blanco-Sanchez,1
1175,Rosalin Chong,Rosalin,Chong,1
1176,Soraya Del Real,Soraya,Del Real,1
1177,Leticia Felix Sanchez,Leticia,Felix Sanchez,1
1178,Kandee Forbes,Kandee,Forbes,1
1179,Wendy Gerhardt,Wendy,Gerhardt,1
1180,Rosa Gonzales,Rosa,Gonzales,1
1181,Melanie Goodson,Melanie,Goodson,1
1182,Gabriela Hernandez,Gabriela,Hernandez,1
1183,Julie-Di Javier,Julie-Di,Javier,1
1184,Reginnia Kaping,Reginnia,Kaping,1
1185,Gwendolyn Keene,Gwendolyn,Keene,1
1186,Belen Marquez,Belen,Marquez,1
1187,Brenda Martinez,Brenda,Martinez,1
1188,Emily Matias,Emily,Matias,1
1189,Carmen Mayor,Carmen,Mayor,1
1190,Marylynn Mcdonald,Marylynn,Mcdonald,1
1191,Adrienne Molina,Adrienne,Molina,1
1192,Jenny Nguyen,Jenny,Nguyen,1
1193,Elizabeth Paz,Elizabeth,Paz,1
1194,Stephen Ramsey,Stephen,Ramsey,1
1195,Monica Beatriz Santos,Monica Beatriz,Santos,1
1196,Elena Trujillo,Elena,Trujillo,1
1197,Carlos Valdovinos,Carlos,Valdovinos,1
1198,Tanya Allen,Tanya,Allen,1
1199,Beverly Beaver,Beverly,Beaver,1
120,Daystar,,Daystar,1
1200,Suzanne Berger,Suzanne,Berger,1
1201,Richard Bonino,Richard,Bonino,1
1202,Frank Clarke,Frank,Clarke,1
1203,Juelene Close,Juelene,Close,1
1204,Lydie Colonello,Lydie,Colonello,1
1205,Joanne Cummings,Joanne,Cummings,1
1206,Jean Davis,Jean,Davis,1
1207,Patricia Ingham,Patricia,Ingham,1
1208,Mona Ismail,Mona,Ismail,1
1209,Sherri Jackson,Sherri,Jackson,1
1210,Tej Kharbanda,Tej,Kharbanda,1
1211,Alphonso Mitchell,Alphonso,Mitchell,1
1212,Shawna Moses-Adams,Shawna,Moses-Adams,1
1213,Otto Ojong,Otto,Ojong,1
1214,Jessica Omohundro,Jessica,Omohundro,1
1215,Mark Penn,Mark,Penn,1
1216,Raul Rodriguez,Raul,Rodriguez,1
1217,Henry Wielandt,Henry,Wielandt,1
1218,X'Ania Wills,X'Ania,Wills,0
1219,Battina Cooper,Battina,Cooper,1
1220,Arnold Wong,Arnold,Wong,1
1221,Stacy Ales,Stacy,Ales,1
1222,Raymond Bocanegra,Raymond,Bocanegra,1
1223,Garth Garrett,Garth,Garrett,1
1224,Gregory Garza,Gregory,Garza,1
1225,Charles Judson,Charles,Judson,1
1226,Catherine Kaminski,Catherine,Kaminski,1
1227,Mary Leigh,Mary,Leigh,1
1228,Robert New,Robert,New,1
1229,Eric O'Connor,Eric,O'Connor,1
1230,Oscar Rodriguez,Oscar,Rodriguez,1
1231,Mickey Sato,Mickey,Sato,1
1232,Bernadette Simpson,Bernadette,Simpson,1
1233,Pintoro Wibowo,Pintoro,Wibowo,1
1234,Samantha Salinas,Samantha,Salinas,1
1235,Margaret Hamilton,Margaret,Hamilton,1
1236,Jon Lyle,Jon,Lyle,1
1237,Donald Mendoza,Donald,Mendoza,1
1238,Deborah Montano,Deborah,Montano,1
1239,James Montoya,James,Montoya,1
1240,Gregory Parvin,Gregory,Parvin,1
1241,Fern Rose,Fern,Rose,1
1242,Maria Banuelos,Maria,Banuelos,1
1243,Veronica Ortega,Veronica,Ortega,1
1244,Ernesto Vasquez,Ernesto,Vasquez,1
1245,Wadree Daniels-Smith,Wadree,Daniels-Smith,1
1246,Terree Holman,Terree,Holman,1
1247,Yolanda Limon,Yolanda,Limon,1
1248,Linda Matthews-Willcut,Linda,Matthews-Willcut,0
1249,Phyllis Meng,Phyllis,Meng,1
1250,Tri Le,Tri,Le,1
1251,Merrilu Alfaro,Merrilu,Alfaro,1
1252,Vance Gilless,Vance,Gilless,1
1253,Jose Gutierrez Rivera,Jose,Gutierrez Rivera,1
1254,Matthew Arreguin,Matthew,Arreguin,1
1255,Maria Diaz,Maria,Diaz,1
1256,Lauren Nitta,Lauren,Nitta,1
1257,Emily Parise,Emily,Parise,1
1258,Giancarlo Restreppo,Giancarlo,Restreppo,1
1259,Kenneth Bicknell,Kenneth,Bicknell,1
1260,Ernestina Camarena,Ernestina,Camarena,1
1262,Joe Parise,Joe,Parise,1
1263,Charlene Williams,Charlene,Williams,1
1264,Carolina Cardoza,Carolina,Cardoza,1
1265,Richard Coker,Richard,Coker,1
1266,Becky Rakisits,Becky,Rakisits,1
1267,Russel Babbitz,Russel,Babbitz,1
1268,Regino Buenrostro,Regino,Buenrostro,1
1269,Carol Chiodo,Carol,Chiodo,1
1270,Michael Daniels,Michael,Daniels,1
1271,Diane Dominguez,Diane,Dominguez,1
1272,Steven Dominguez,Steven,Dominguez,1
1273,Lida Ferreira,Lida,Ferreira,1
1274,Michael Garcia,Michael,Garcia,1
1275,Lynda Gillam,Lynda,Gillam,1
1276,Maria Guerrero-Garcia,Maria,Guerrero-Garcia,1
1277,Thurman Hodges,Thurman,Hodges,1
1278,Frances Impert,Frances,Impert,1
1279,Whitney Lewis,Whitney,Lewis,1
1280,William Satterfield,William,Satterfield,1
1281,Stephen Vollucci,Stephen,Vollucci,1
1282,Jennifer Abrego,Jennifer,Abrego,1
1283,Daniele Benoit,Daniele,Benoit,1
1284,Edward Boghossian,Edward,Boghossian,1
1285,Clinton Bowers,Clinton,Bowers,1
1286,James Brown,James,Brown,1
1287,Timothy Campbell,Timothy,Campbell,1
1288,Charles Chism,Charles,Chism,1
1289,Chere Craig,Chere,Craig,1
1290,Julisa Diaz,Julisa,Diaz,1
1291,Verita Dixon,Verita,Dixon,1
1292,Thomas Eng,Thomas,Eng,1
1293,Todd Halvorson,Todd,Halvorson,1
1294,Henry Ho,Henry,Ho,1
1295,Collins Kalu,Collins,Kalu,1
1296,Vijay Khawani,Vijay,Khawani,1
1297,Kay Koopman-Glass,Kay,Koopman-Glass,1
1298,Lisa Kough,Lisa,Kough,1
1299,Richard Long,Richard,Long,1
1300,Javier Lora,Javier,Lora,1
1301,Clarence Massar,Clarence,Massar,1
1302,Randy Mcburnett,Randy,Mcburnett,1
1303,Abraham Miranda,Abraham,Miranda,1
1304,Hoan Nguyen,Hoan,Nguyen,1
1305,Tammy Rice,Tammy,Rice,1
1306,Richard Rinker,Richard,Rinker,1
1307,David Sanders,David,Sanders,1
1308,Ralph Sbragia,Ralph,Sbragia,1
1309,Frederick Smith,Frederick,Smith,1
1310,Phillip Thomas,Phillip,Thomas,1
1311,Luis Torres,Luis,Torres,1
1312,Abdul Zohbi,Abdul,Zohbi,1
1313,Shalonda Baldwin,Shalonda,Baldwin,1
1314,James Martinez,James,Martinez,1
1315,Noelle Santos,Noelle,Santos,1
1316,Fe Alcid-Little,Fe,Alcid-Little,1
1317,Samira Baghdikian,Samira,Baghdikian,1
1318,Gregory Baker,Gregory,Baker,1
1319,Arlin Blazevic,Arlin,Blazevic,1
1320,Benton Calmes,Benton,Calmes,1
1321,Timothy Clark,Timothy,Clark,1
1322,Carolina Coppolo,Carolina,Coppolo,1
1323,Nicole Banayan,Nicole,Banayan,1
1324,Valerie Dean,Valerie,Dean,1
1325,Ruth Dewitt,Ruth,Dewitt,1
1326,Susan Dove,Susan,Dove,1
1327,Aielyn Dumaua,Aielyn,Dumaua,1
1328,Erika Estrada,Erika,Estrada,1
1329,Nancy Felix,Nancy,Felix,1
1330,Helen Gates-Bryant,Helen,Gates-Bryant,1
1331,Barbara Gatewood,Barbara,Gatewood,1
1332,Deneise Glover,Deneise,Glover,1
1333,Sonia Gomez,Sonia,Gomez,1
1334,Elizabeth Jean Hernandez,Elizabeth Jean,Hernandez,1
1335,Rommel Hilario,Rommel,Hilario,1
1336,Michael Holguin,Michael,Holguin,1
1337,Nathaniel Jones,Nathaniel,Jones,1
1338,Max Katkaphan,Max,Katkaphan,1
1339,Vimol Katkaphan,Vimol,Katkaphan,1
1340,Maria Lechuga,Maria,Lechuga,1
1341,Lily Lopez,Lily,Lopez,1
1342,Mildred Martinez Lopez,Mildred Martinez,Lopez,1
1343,Mark Lu,Mark,Lu,1
1344,Mayumi Lyon,Mayumi,Lyon,1
1345,Brian Mahaffey,Brian,Mahaffey,1
1346,Joseph Marzano,Joseph,Marzano,1
1347,Zachary Munoz,Zachary,Munoz,1
1348,James Nolan,James,Nolan,1
1349,Joseph O'Donnell,Joseph,O'Donnell,1
1350,Wayne Okubo,Wayne,Okubo,1
1351,Fred Origel,Fred,Origel,1
1352,Karen Ota,Karen,Ota,1
1353,Ivan Page,Ivan,Page,1
1354,Tamara Reid,Tamara,Reid,1
1355,Linda Rickert,Linda,Rickert,1
1356,Eva Rodriguez,Eva,Rodriguez,1
1357,Susan Santoro,Susan,Santoro,1
1358,Tiffany Smith,Tiffany,Smith,1
1359,Diana Sogomonyan,Diana,Sogomonyan,1
1360,Walter Sparkuhl,Walter,Sparkuhl,1
1361,Kenneth Takahashi,Kenneth,Takahashi,1
1362,Wonder Van Twist,Wonder,Van Twist,1
1363,Bruce Warrensford,Bruce,Warrensford,1
1364,Victor Zepeda,Victor,Zepeda,1
1365,Karla Zillner,Karla,Zillner,1
1366,Brianna Ellis-Mitchell,Brianna,Ellis-Mitchell,1
1367,Raul Gonzalez,Raul,Gonzalez,1
1368,Jeffrey Hadge,Jeffrey,Hadge,1
1369,Albert Luna,Albert,Luna,1
1370,Gabriele Maul-Crumby,Gabriele,Maul-Crumby,1
1371,Manuel Pamplona,Manuel,Pamplona,1
1372,Harold Wells,Harold,Wells,1
1373,Henry Gonzalez,Henry,Gonzalez,1
1374,Jon Hillmer,Jon,Hillmer,1
1375,Maria Dolores Ramos,Maria Dolores,Ramos,1
1376,John Addleman,John,Addleman,1
1377,Harry Baldwin,Harry,Baldwin,1
1378,Gary Bric,Gary,Bric,1
1379,Richard Burnett,Richard,Burnett,1
1380,Gene Daniels,Gene,Daniels,1
1381,David Feinberg,David,Feinberg,1
1382,Ralph Franklin,Ralph,Franklin,1
1383,Juventino Gomez,Juventino,Gomez,1
1384,Alex Gonzalez,Alex,Gonzalez,1
1385,John Goodhart,John,Goodhart,1
1386,John Harabedian,John,Harabedian,1
1387,John Harrington,John,Harrington,1
1388,Ernesto Hidalgo,Ernesto,Hidalgo,1
1389,Art Ida,Art,Ida,1
1390,Jeffrey Jacobberger,Jeffrey,Jacobberger,1
1391,Elaine Jeng,Elaine,Jeng,1
1392,Antonio Lopez,Antonio,Lopez,1
1393,Yvette Lopez-Ledesma,Yvette,Lopez-Ledesma,1
1394,Thomas Martin,Thomas,Martin,1
1395,Jesus Ochoa,Jesus,Ochoa,1
1396,Elliott Petty,Elliott,Petty,1
1397,Ana Maria Quintana,Ana Maria,Quintana,1
1398,Wally Shidler,Wally,Shidler,1
1399,Maria Sipin,Maria,Sipin,1
1400,Cynde Soto,Cynde,Soto,1
1401,Don Szerlip,Don,Szerlip,1
1402,George Taule,George,Taule,1
1403,Rosie Vasquez,Rosie,Vasquez,1
1404,Dennis Washburn,Dennis,Washburn,1
1405,Donald Weissman,Donald,Weissman,1
1406,Stephen Henry,Stephen,Henry,1
1407,Roye Love,Roye,Love,1
1408,Lily Allen,Lily,Allen,1
1409,Bertha Bruner,Bertha,Bruner,1
1410,Alexia Hinton,Alexia,Hinton,1
1411,Aurea Adao,Aurea,Adao,1
1412,Poem Chen,Poem,Chen,1
1413,Fran Curbello,Fran,Curbello,1
1414,Paul Gonzales,Paul,Gonzales,1
1415,Luis Inzunza,Luis,Inzunza,1
1416,Rick Jager,Rick,Jager,0
1417,Joseph Lemon,Joseph,Lemon,1
1418,Marc Littman,Marc,Littman,0
1419,Frank Sotero,Frank,Sotero,1
1420,Jose Ubaldo,Jose,Ubaldo,1
1421,Kimberly Upton,Kimberly,Upton,1
1422,Georgina Artiga,Georgina,Artiga,1
1423,Raymond Dang,Raymond,Dang,1
1424,Janet Le,Janet,Le,1
1425,Amalia Merino,Amalia,Merino,1
1426,Saeyeon Yoon,Saeyeon,Yoon,1
1427,Carol Zou,Carol,Zou,1
1428,Kimberly Bueno,Kimberly,Bueno,1
1429,Angelene Campuzano,Angelene,Campuzano,1
1430,Maya Emsden,Maya,Emsden,1
1431,Patricia Gomez,Patricia,Gomez,1
1432,Susan Gray,Susan,Gray,1
1433,Letitia Ivins,Letitia,Ivins,1
1434,Caroline Mallari,Caroline,Mallari,1
1435,Sharleen Mclaughlin,Sharleen,Mclaughlin,1
1436,Alan Nakagawa,Alan,Nakagawa,1
1437,Jorge Pardo,Jorge,Pardo,1
1438,Heidi Zeller,Heidi,Zeller,1
1439,John Lee,John,Lee,0
1440,Michael Davies,Michael,Davies,1
1441,Raffi Hamparian,Raffi,Hamparian,1
1442,Crystal Martell,Crystal,Martell,1
1443,Patricia Soto,Patricia,Soto,1
1444,Michael Turner,Michael,Turner,1
1445,Marisa Yeager,Marisa,Yeager,0
1446,Jesus Almeda,Jesus,Almeda,1
1447,Riah Buchanan,Riah,Buchanan,1
1448,Brian Fernando,Brian,Fernando,1
1449,Kathleen Gallanes,Kathleen,Gallanes,1
145,View Only,View,Only,1
1450,Britta Geiogue,Britta,Geiogue,1
1451,Kristen Jackson,Kristen,Jackson,1
1452,Jung Lee,Jung,Lee,1
1453,Blythe Linsey,Blythe,Linsey,1
1454,Ed Mcgreevy,Ed,Mcgreevy,1
1455,Madeline Mcmillan,Madeline,Mcmillan,1
1456,Bernadette Mindiola,Bernadette,Mindiola,1
1457,Rodney Polk,Rodney,Polk,1
1458,Diana Ruzova,Diana,Ruzova,1
1459,Zoraya Salas,Zoraya,Salas,1
1460,Karen Shimbashi,Karen,Shimbashi,1
1461,Joshua Southwick,Joshua,Southwick,1
1462,Candace Wakefield,Candace,Wakefield,1
1463,Peter Watkinson,Peter,Watkinson,1
1464,Catherine Airey,Catherine,Airey,1
1465,Martin Buford,Martin,Buford,1
1466,Ebelin Castillo Ramirez,Ebelin,Castillo Ramirez,1
1467,Carolynne Clifford,Carolynne,Clifford,1
1468,Jocelyn Feliciano,Jocelyn,Feliciano,1
1469,Douglas Goodwin,Douglas,Goodwin,1
1470,Robert Hartert,Robert,Hartert,1
1471,Omark Holmes,Omark,Holmes,1
1472,Eileen Hsu,Eileen,Hsu,1
1473,Tiffany Huang,Tiffany,Huang,1
1474,Lan Chi Lam,Lan Chi,Lam,1
1475,Michael Lejeune,Michael,Lejeune,1
1476,April Mckay,April,Mckay,1
1477,Teresa Milliken,Teresa,Milliken,1
1478,Juan Miranda,Juan,Miranda,1
1479,Todd Mitsuhata,Todd,Mitsuhata,1
1480,Eric Montoya,Eric,Montoya,1
1481,Michele Moore,Michele,Moore,1
1482,Warren Morse,Warren,Morse,1
1483,Melissa Rosen,Melissa,Rosen,1
1484,Joe Simpson,Joe,Simpson,1
1485,Susana Valdez,Susana,Valdez,1
1486,Ana Vallianatos,Ana,Vallianatos,1
1487,Rickey Walker,Rickey,Walker,1
1488,Sarah Zadok,Sarah,Zadok,0
1489,Rebecca Allenwilliams,Rebecca,Allenwilliams,1
1490,Ronald Autry,Ronald,Autry,1
1491,Leroy Baucom,Leroy,Baucom,1
1492,Ronnie Bean,Ronnie,Bean,1
1493,Waymond Benjamin,Waymond,Benjamin,1
1494,James Bernard,James,Bernard,1
1495,Theartis Blue,Theartis,Blue,1
1496,Elnora Butler,Elnora,Butler,1
1497,Lavern Carter,Lavern,Carter,1
1498,Michael Cole,Michael,Cole,1
1499,John Davis,John,Davis,1
1500,Lilian De Loza-Gutierrez,Lilian,De Loza-Gutierrez,1
1501,Mark Dierking,Mark,Dierking,1
1502,Edith Dotson,Edith,Dotson,1
1503,Joel Duque,Joel,Duque,1
1504,Vernell Elgin,Vernell,Elgin,1
1505,Askia Faheem,Askia,Faheem,1
1506,Gregory Ferris,Gregory,Ferris,1
1507,Gene Freeman,Gene,Freeman,1
1508,Jennifer Gill,Jennifer,Gill,1
1509,C Grantham,C,Grantham,1
1510,Carla Guevara,Carla,Guevara,1
1511,Paul Hall,Paul,Hall,1
1512,Jeanmarie Hance,Jeanmarie,Hance,1
1513,Shannon Harold,Shannon,Harold,1
1514,Tonita Harrell,Tonita,Harrell,1
1515,Cary Hogan,Cary,Hogan,1
1516,Elizabeth Johnson,Elizabeth,Johnson,1
1517,Harold Jordan,Harold,Jordan,1
1518,Lily Liang,Lily,Liang,1
1519,Curtis Lyons,Curtis,Lyons,1
1520,Matthew Marquez,Matthew,Marquez,1
1521,Patricia Mayes,Patricia,Mayes,1
1522,James Mcduffie,James,Mcduffie,1
1523,Lee Miller,Lee,Miller,1
1524,Charlie Murphy-Johnson,Charlie,Murphy-Johnson,1
1525,Donna Perry,Donna,Perry,1
1526,Ralph Reyes,Ralph,Reyes,1
1527,Robert Riccio,Robert,Riccio,1
1528,Herman Schultz,Herman,Schultz,1
1529,Ronnie Scott,Ronnie,Scott,1
1530,Terry Simon,Terry,Simon,1
1531,Lawrence Smith,Lawrence,Smith,1
1532,Beverly Stepney,Beverly,Stepney,1
1533,Sharron Thompson,Sharron,Thompson,1
1534,Chester Turner,Chester,Turner,1
1535,Carlos Valdez,Carlos,Valdez,1
1536,Claudio Vidana,Claudio,Vidana,1
1537,Luis Vizcaino,Luis,Vizcaino,1
1538,George Wheaton,George,Wheaton,1
1539,Fredrick Williams,Fredrick,Williams,1
1540,Prince Williams,Prince,Williams,1
1541,Jennifer Arndt,Jennifer,Arndt,1
1542,Olga Arroyo,Olga,Arroyo,1
1543,Medford Auguste,Medford,Auguste,1
1544,Wilbur Babb,Wilbur,Babb,1
1545,Barbara Burns,Barbara,Burns,1
1546,Vincent Gonzalez,Vincent,Gonzalez,1
1547,Valarie Harrisonboyer,Valarie,Harrisonboyer,1
1548,David Hershenson,David,Hershenson,1
1549,Kasey Shuda Jury,Kasey,Jury,1
1550,Bronwen Keiner,Bronwen,Keiner,1
1551,Ann Kerman,Ann,Kerman,1
1552,Juan Lacey,Juan,Lacey,1
1553,Jody Litvak,Jody,Litvak,1
1554,Jacqueline Martinez,Jacqueline,Martinez,1
1555,Richard Morallo,Richard,Morallo,1
1556,Dixie Pattison,Dixie,Pattison,1
1557,Yesica Perez,Yesica,Perez,1
1558,Marice Quezada,Marice,Quezada,1
1559,Yvette Rapose,Yvette,Rapose,1
1560,Jefferson Rosa Jovel,Jefferson,Rosa Jovel,1
1561,Ayda Safaei,Ayda,Safaei,1
1562,Jesse Sanchez,Jesse,Sanchez,1
1563,Stacy Yamato,Stacy,Yamato,1
1564,Paula Grigsby,Paula,Grigsby,1
1565,Gail Harvey,Gail,Harvey,0
1566,Karen Kern,Karen,Kern,1
1567,Steven Phillips,Steven,Phillips,1
1568,Anthony Roman,Anthony,Roman,1
1569,Susan Tate,Susan,Tate,1
1570,Alonzo Williams,Alonzo,Williams,1
1571,Syed Hasan,Syed,Hasan,1
1572,Amritpal Sidhu,Amritpal,Sidhu,1
1573,Ferri Ahmadi,Ferri,Ahmadi,1
1574,Essam Aly,Essam,Aly,1
1575,Gary Baker,Gary,Baker,1
1576,Charles Beauvoir,Charles,Beauvoir,1
1577,Joe Demello,Joe,Demello,1
1578,Yohana Jonathan,Yohana,Jonathan,1
1579,Arvind Joshi,Arvind,Joshi,1
1580,Deborah Kayoda,Deborah,Kayoda,1
1581,George Lestina,George,Lestina,1
1582,Timothy Lindholm,Timothy,Lindholm,1
1583,Rick Meade,Rick,Meade,1
1584,Nazem Moussa,Nazem,Moussa,1
1585,Jeanet Owens,Jeanet,Owens,1
1586,Rajnikant Patel,Rajnikant,Patel,1
1587,Nolan Smith,Nolan,Smith,1
1588,Michael Barbour,Michael,Barbour,1
1589,James Cohen,James,Cohen,1
1590,Matthew Crow,Matthew,Crow,1
1591,Matthew Gallagher,Matthew,Gallagher,1
1592,Bruno Guillemet,Bruno,Guillemet,1
1593,Pamela Gutierrez-Blackwood,Pamela,Gutierrez-Blackwood,1
1594,John Knighton,John,Knighton,1
1595,Pauline Lee,Pauline,Lee,1
1596,Samuel Mayman,Samuel,Mayman,1
1597,Richard Mcconnell,Richard,Mcconnell,1
1598,Dennis Mori,Dennis,Mori,1
1599,Kimberly Ong,Kimberly,Ong,1
1600,Hitesh Patel,Hitesh,Patel,1
1601,Girish Roy,Girish,Roy,1
1602,Donna-Lee Watson,Donna-Lee,Watson,1
1603,Camelia Davis,Camelia,Davis,1
1604,Daniel Estrada,Daniel,Estrada,1
1605,Olivia Ford,Olivia,Ford,1
1606,Salvador Hernandez,Salvador,Hernandez,1
1607,Thomas Langer,Thomas,Langer,1
1608,Theodore Lepe,Theodore,Lepe,1
1609,Robert Peterson,Robert,Peterson,1
1610,Mark Van Gessel,Mark,Van Gessel,1
1611,Vincent Ybarra,Vincent,Ybarra,1
1612,Stephanie Fong,Stephanie,Fong,1
1613,Arkady Bernshteyn,Arkady,Bernshteyn,1
1614,David Chong,David,Chong,1
1615,Androush Danielians,Androush,Danielians,1
1616,Aspet Davidian,Aspet,Davidian,1
1617,Kang Hu,Kang,Hu,1
1618,Peter Jung,Peter,Jung,1
1619,Jonathan Langteau,Jonathan,Langteau,1
1620,Hamid Mahramzadeh,Hamid,Mahramzadeh,1
1621,Craig Remley,Craig,Remley,1
1622,Mehrdad Shahabi,Mehrdad,Shahabi,1
1623,Zinovy Sheynman,Zinovy,Sheynman,1
1624,June Susilo,June,Susilo,1
1625,Than Win,Than,Win,1
1626,John Yao,John,Yao,1
1627,Di Fei Zheng-Ward,Di Fei,Zheng-Ward,1
1628,Evgeniy Bachtinov,Evgeniy,Bachtinov,1
1629,Rupert Bicarme,Rupert,Bicarme,1
1630,Francisco Castro,Francisco,Castro,1
1631,Mario Antonio Del Rosario,Mario Antonio,Del Rosario,1
1632,Chengche Feng,Chengche,Feng,1
1633,Boris Fyerman,Boris,Fyerman,1
1634,Olga Greg,Olga,Greg,1
1635,Amador Nafrada,Amador,Nafrada,1
1636,Alfred Ong,Alfred,Ong,1
1637,Michael Ratnasingham,Michael,Ratnasingham,1
1638,Ron Tien,Ron,Tien,1
1639,Erric Wright,Erric,Wright,1
1640,Thomas Zhao,Thomas,Zhao,1
1641,Carlos Martinez,Carlos,Martinez,1
1642,Gerardo Alvarez,Gerardo,Alvarez,1
1643,Virgilio De Ramos,Virgilio,De Ramos,1
1644,Manuel Gurrola,Manuel,Gurrola,1
1645,Shannon Hanley,Shannon,Hanley,1
1646,Milind Joshi,Milind,Joshi,1
1647,Ashley Mack,Ashley,Mack,1
1648,Awny Malak,Awny,Malak,1
1649,Mario Mendoza,Mario,Mendoza,1
1650,Mark Alan Miller,Mark Alan,Miller,1
1651,Raul Pedroza,Raul,Pedroza,1
1652,Ajith Peiris,Ajith,Peiris,1
1653,Phanh Phongsak,Phanh,Phongsak,1
1654,Cesar Robeniol,Cesar,Robeniol,1
1655,Andi Wang,Andi,Wang,1
1656,Bill Wei,Bill,Wei,1
1657,James Wei,James,Wei,1
1658,Paul Whang,Paul,Whang,1
1659,Abner Nerio Romero,Abner,Nerio Romero,1
1660,Mat Antonelli,Mathew,Antonelli,1
1661,Daniel Comorre,Daniel,Comorre,1
1662,Robert Ferry,Robert,Ferry,1
1663,James Gleig,James,Gleig,1
1664,John Jaramillo,John,Jaramillo,1
1665,Thomas Lee,Thomas,Lee,1
1666,Stephanie Leslie,Stephanie,Leslie,1
1667,Elma Mcintosh,Elma,Mcintosh,1
1668,Michael Mckenna,Michael,Mckenna,1
1669,Alex Mismas,Alex,Mismas,1
1670,Bradley Owen,Bradley,Owen,1
1671,Roderick Pates,Roderick,Pates,1
1672,Masoud Sepahi,Masoud,Sepahi,1
1673,Douglas Shaffer,Douglas,Shaffer,1
1674,Maria White,Maria,White,1
1675,Joe Wright,Joe,Wright,1
1676,Andrina Dominguez,Andrina,Dominguez,1
1677,Victoria Hsu,Victoria,Hsu,1
1678,Candace Lee,Candace,Lee,1
1679,Kyle Lefton,Kyle,Lefton,1
1680,Adam Rabb,Adam,Rabb,1
1681,Shannon Walker,Shannon,Walker,1
1682,Tom Kefalas,Tom,Kefalas,1
1683,Emmanuel Liban,Emmanuel,Liban,1
1684,Lisa Cuellar,Lisa,Cuellar,0
1685,Evan Rosenberg,Evan,Rosenberg,1
1686,Heather Severin,Heather,Severin,1
1687,Niraj Vora,Niraj,Vora,1
1688,Erika Wilder,Erika,Wilder,1
1689,Michelle Ortiz,Michelle,Ortiz,1
169,Legistar System,Legistar,System,1
1690,Alan Willis,Alan,Willis,1
1691,Lloyd Boucher,Lloyd,Boucher,1
1692,Eduardo Cervantes,Eduardo,Cervantes,1
1693,Juan Gonzaga,Juan,Gonzaga,1
1694,Bryan Hancock,Bryan,Hancock,1
1695,Nazanin Mossahebi,Nazanin,Mossahebi,1
1696,Teddy Okoye,Teddy,Okoye,1
1697,Henry Scheetz,Henry,Scheetz,1
1698,Alvin Trotter,Alvin,Trotter,1
1699,Bonnie Verdin,Bonnie,Verdin,1
170,Granicus User,Granicus,User,1
1700,Jeffrey Wei,Jeffrey,Wei,1
1701,Liliana Ayala,Liliana,Ayala,1
1702,Michael Williams,Michael,Williams,1
1703,Alfonso Alejandro,Alfonso,Alejandro,1
1704,Rodolfo Arellano,Rodolfo,Arellano,1
1705,Paul Briggs,Paul,Briggs,1
1706,Bruce Danielson,Bruce,Danielson,1
1707,Muhammad Ghauri,Muhammad,Ghauri,1
1708,Alexei Kovaltchouk,Alexei,Kovaltchouk,1
1709,Roza Nikoui,Roza,Nikoui,1
171,System Administrator,System,Administrator,1
1710,Agnes Reyes,Agnes,Reyes,1
1711,Serjik Shamirian,Serjik,Shamirian,1
1712,Vivian Sun,Vivian,Sun,1
1713,Andy Thai,Andy,Thai,1
1714,Amy Wang,Amy,Wang,1
1715,Gary Yeo,Gary,Yeo,1
1716,Jang Wook Yoon,Jang Wook,Yoon,1
1717,Alberto Alva,Alberto,Alva,1
1718,Diane Ballare,Diane,Ballare,1
1719,William Brown,William,Brown,1
1720,Dianne Curzon,Dianne,Curzon,1
1721,Robert Gutierrez,Robert,Gutierrez,1
1722,Alexander Lampros,Alexander,Lampros,1
1723,Julie Lansford,Julie,Lansford,1
1724,Steven Leduff,Steven,Leduff,1
1725,Nichole Mcintyre,Nichole,Mcintyre,1
1726,Mark Miller,Mark,Miller,1
1727,Richard Mora,Richard,Mora,1
1728,Julie Owen,Julie,Owen,1
1729,Sandra Perez,Sandra,Perez,1
1730,Elizabeth Ponce,Elizabeth,Ponce,1
1731,Teresa Rubio,Teresa,Rubio,1
1732,Julia Salinas (Const.),Julia,Salinas (Const.),1
1733,Kathy Seaton,Kathy,Seaton,1
1734,Cynthia Smouse,Cynthia,Smouse,1
1735,Theresa Valenzuela,Theresa,Valenzuela,1
1736,Rick Wilson,Rick,Wilson,1
1737,Brittany Zhuang,Brittany,Zhuang,1
1738,Gloria Shen,Gloria,Shen,1
1739,Shibu Alex,Shibu,Alex,1
1740,Douglas Anderson,Douglas,Anderson,1
1741,Patrick Astredo,Patrick,Astredo,1
1742,Ronald Benner,Ronald,Benner,1
1743,George Branch,George,Branch,1
1744,Patrice Carrere,Patrice,Carrere,1
1745,Bahram Chaudhry,Bahram,Chaudhry,1
1746,Anait Cherchiyan,Anait,Cherchiyan,1
1747,Anthony Chua,Anthony,Chua,1
1748,Scott Connor,Scott,Connor,1
1749,David De La Ysla,David,De La Ysla,1
1750,Aram Derian,Aram,Derian,1
1751,Van Duong,Van,Duong,1
1752,James Eng,James,Eng,1
1753,Maryam Ershaghi,Maryam,Ershaghi,1
1754,Huan Ha,Huan,Ha,1
1755,Norman Haddock,Norman,Haddock,1
1756,Mehul Kumar,Mehul,Kumar,1
1757,Regina Lim,Regina,Lim,1
1758,Al Martinez,Al,Martinez,1
1759,Cindy Oviatt,Cindy,Oviatt,1
1760,Kathy Phung,Kathy,Phung,1
1761,Kambiz Pourmansour,Kambiz,Pourmansour,1
1762,Nemat Rabizadeh,Nemat,Rabizadeh,1
1763,Theodore Rose,Theodore,Rose,1
1764,David Saint,David,Saint,1
1765,Patrick Soto,Patrick,Soto,1
1766,Maria Torne-Herzberg,Maria,Torne-Herzberg,1
1767,Mierheyasi Tuergan,Mierheyasi,Tuergan,1
1768,Lorna Vargas,Lorna,Vargas,1
1769,Vazgen Vartanian,Vazgen,Vartanian,1
1770,Jimmy Wang,Jimmy,Wang,1
1771,Rita Winston,Rita,Winston,1
1772,Benjamin Wu,Benjamin,Wu,1
1773,Michael Wu,Michael,Wu,1
1774,Jia-Ming Yueh,Jia-Ming,Yueh,1
1775,Chang Zhu,Chang,Zhu,1
1776,Maxine Drummond,Maxine,Drummond,1
1777,Robert Eakins,Robert,Eakins,1
1778,Beverley Davenport-Waldon,Beverley,Davenport-Waldon,1
1779,Bonita Martin,Bonita,Martin,1
1780,Kelly Patton,Kelly,Patton,1
1781,Norman Ward,Norman,Ward,1
1782,Manuel Chavez,Manuel,Chavez,1
1783,Ammar Al Jilani,Ammar,Al Jilani,1
1784,John Almeida,John,Almeida,1
1785,Jeff Alvarez,Jeff,Alvarez,1
1786,J Arellano-Herrera,J,Arellano-Herrera,1
1787,Winnifred Asprer,Winnifred,Asprer,1
1788,Philip Aung,Philip,Aung,1
1789,Zaski Azucenas,Zaski,Azucenas,1
1790,Richard Bezjian,Richard,Bezjian,1
1791,Alexander Biehl,Alexander,Biehl,1
1792,Dhaneel Bodinayake,Dhaneel,Bodinayake,1
1793,Gilberto Cabanas,Gilberto,Cabanas,1
1794,Jeremy Catuira,Jeremy,Catuira,1
1796,Nadeesha Fernando W Waduge,Nadeesha,Fernando W Waduge,1
1797,Jason Ho,Jason,Ho,1
1798,Jeremy Mattes,Jeremy,Mattes,1
1799,Vath Nguon,Vath,Nguon,1
1800,Eddy Quach,Eddy,Quach,1
1801,Nelson Quan,Nelson,Quan,1
1802,Vincent Tee,Vincent,Tee,1
1803,Cindy Tran,Cindy,Tran,1
1804,Thomas Traylor,Thomas,Traylor,1
1805,Han Tsay,Han,Tsay,1
1806,Mathew Varughese,Mathew,Varughese,1
1807,Fannie Wong,Fannie,Wong,1
1808,Ronald Hoover,Ronald,Hoover,1
1809,Michael Shilstone,Michael,Shilstone,1
181,Granicus Training,Granicus,Training,1
1810,Daniel Shockley,Daniel,Shockley,1
1811,William Balter,William,Balter,1
1812,Daniel Bigno,Daniel,Bigno,1
1813,Jacqueline Bobo,Jacqueline,Bobo,1
1814,Christiam Lemus Orellana,Christiam,Lemus Orellana,1
1815,Karl Markis,Karl,Markis,1
1816,Lynn Ong,Lynn,Ong,1
1817,Robert Peters,Robert,Peters,1
1818,Douglas Sing,Douglas,Sing,1
1819,Terri Tyler,Terri,Tyler,1
1820,James Butts,James,Butts,1
1821,Carrie Bowen,Carrie,Bowen,1
1822, train12,,train12,0
1823,Abraham Lora,Abraham,Lora,1
1824,Lorenzo Lopez,Lorenzo,Lopez,1
1825,Loren Medina,Loren,Medina,1
1826,Shelby Adams,Shelby,Adams,1
1827,Michael Cacciotti,Michael,Cacciotti,1
1828,Glen Becerra,Glen,Becerra,1
1829,1test user,1test,user,1
183,Alvin Kusumoto,Alvin,Kusumoto,1
1830,Joanna Chan,Joanna,Chan,1
1831,Mary Driscoll,Mary,Driscoll,1
1832,Adam Thomas,Adam,Thomas,1
1833,Tamar Fuhrer,Tamar,Fuhrer,1
1834,Denise Briggs,Denise,Briggs,1
1835,Andrea Roberson,Andrea,Roberson,1
1836,Alan Leung,Alan,Leung,1
1837,Abdollah Ansari,Abdollah,Ansari,1
1838,Aline Antaramian,Aline,Antaramian,1
1839, train1 train1,train1,train1,1
184,Amber Palacios,Amber,Palacios,1
1840,Salvador Buenrostro,Salvador,Buenrostro,1
1841,Vanessa Adlawan,Vanessa,Adlawan,1
1842,Shahriar Khodadadi,Shahriar,Khodadadi,1
1843,Michael Witt,Michael,Witt,1
1844,Noel Pamplona,Noel,Pamplona,1
1845,Griselda Alvarado,Griselda,Alvarado,1
1846,Imelda Castro,Imelda,Castro,1
1847,Timothy Lew,Timothy,Lew,1
1848,Phil Washington,Phil,Washington,0
1849,Andrew Lin,Andrew,Lin,1
185,Ann Flores,Ann,Flores,1
1850,Aaron Levin,Aaron,Levin,1
1852,Deborah Spottsville,Deborah,Spottsville,1
1853,Lynda Reed,Lynda,Reed,1
1854,Anne Flores,Anne,Flores,1
1855,Cory Zelmer,Cory,Zelmer,1
1856,Michael Flores,Michael,Flores,1
1857,Phyllis Walker,Phyllis,Walker,1
1858,Jesse Zepeda,Jesse,Zepeda,1
1859,Tom Meng,Tom,Meng,1
186,Arlen Sanders,Arlen,Sanders,1
1860,Terry Schaefer,Terry,Schaefer,1
1861,Shirley Choate,Shirley,Choate,1
1862,Dolores Ramos,Dolores,Ramos,1
1863,Matthew Abbott,Matthew,Abbott,1
1864,Sabina Roan,Sabina,Roan,1
1865,Jonathan Hofert,Jonathan,Hofert,1
1866,Alex Wiggins,Alex,Wiggins,1
1867,Pauletta Tonilas,Pauletta,Tonilas,1
1868,Wells Lawson,Wells,Lawson,1
1869,Adam Light,Adam,Light,1
187,Arthury T. Leahy,Arthury T.,Leahy,0
1870,James Gallagher,James,Gallagher,1
1871,Rick Trieu,Rick,Trieu,1
1872,Nick Stasinos,Nick,Stasinos,1
1873,Albert Escarcega,Albert,Escarcega,1
1874,Chhoy Yam,Chhoy,Yam,1
1875,Joe Mejia,Joe,Mejia,1
1876,Antonio Chua,Antonio,Chua,1
1877,Doroteo Gumarang,Doroteo,Gumarang,1
1878,Joakim Gredsund,Joakim,Gredsund,1
1879,Richard Clarke,Richard,Clarke,1
188,Becky Quinteros,Becky,Quinteros,1
1880,Roberta Marshall,Roberta,Marshall,1
1881,David Chia,David,Chia,1
1882,Ojong Otto,Ojong,Otto,1
1883,Sonja Gettel,Sonja,Gettel,1
1884,Annelle Albarran,Annelle,Albarran,1
1885,Deploy User1,Deploy,User1,1
1886,Deploy User2,Deploy,User2,1
1887,Deploy User3,Deploy,User3,1
1888,Granicus Admin,Granicus,Admin,1
1889,Kenneth Stewart,Kenneth,Stewart,1
189,Bill Foster,Bill,Foster,0
1890,Joshua Schank,Joshua,Schank,1
1891,Anthony Zepeda,Anthony,Zepeda,1
1892,Tunde Balvanyos,Tunde,Balvanyos,1
1893,Judy Romero,Judy,Romero,1
1894,Jill Liu Hatanaka,Jill,Liu,1
1895,Danny Jasper,Danny,Jasper,1
1896,Jackie Lopez,Jackie,Lopez,1
1897,Desarae Jones,Desarae,Jones,1
1898,Joyce Chang,Joyce,Chang,1
1899,Mary Reyna,Mary,Reyna,1
190,Brian Boudreau,Brian,Boudreau,1
1900,Quinn Tang,Quinn,Tang,1
1901,Rosanne Wong,Rosanne,Wong,1
1902,Janice Kasai,Janice,Kasai,1
1903,Richard Chastang,Richard,Chastang,1
1904,Greg Levine,Greg,Levine,1
1905,Kathleen Dougherty,Kathleen,Dougherty,1
1906,Ronald Stamm,Ronald,Stamm,1
1907,Cassandra Langston,Cassandra,Langston,1
1908,Steve Schupak,Steve,Schupak,1
1909,Sapana Shah,Sapana,Shah,1
191,Bryan Pennington,Bryan,Pennington,1
1910,Tamara Avetisova,Tamara,Avetisova,1
1911,Andrea Arias,Andrea,Arias,1
1912,Jennifer Brogin,Jennifer,Brogin,1
1913,Michael Cano,Michael,Cano,1
1914,Nicole Englund,Nicole,Englund,1
1915,Maureen Micheline,Maureen,Micheline,1
1916,Joseph Gonzalez,Joseph,Gonzalez,1
1917,Roxana Martinez,Roxana,Martinez,1
1918,Irene Fine,Irene,Fine,1
1919,Tom Puchalski,Tom,Puchalski,1
192,Carolyn Kreslake,Carolyn,Kreslake,1
1920,Terri Slimmer,Terri,Slimmer,1
1921,Richard Chiou,Richard,Chiou,1
1922,Sandra Solis,Sandra,Solis,1
1923,Alexander Cantwell,Alexander,Cantwell,1
1924,Ryan Honda,Ryan,Honda,1
1925,Andrew Quinn,Andrew,Quinn,1
1926,Edgardo Gillera,Edgardo,Gillera,1
1927,Josefina Mellen,Josefina,Mellen,1
1928,Brian Selwyn,Brian,Selwyn,1
1929,Gary Mah,Gary,Mah,1
193,Charles Safer,Charles,Safer,1
1930,Antwaun Boykin,Antwaun,Boykin,1
1931,2test user,2test,user,1
1932,Therese McMillan,Therese,McMillan,1
1933,cynthia granicus,cynthia,granicus,1
1934,Devon Deming,Devon,Deming,1
1935,Nicole V. Avitia,Nicole,V. Avitia,1
1936,Maher Subeh,Maher,Subeh,1
1937,John Schlenz,John,Schlenz,1
1938,Imene Mami,Imene,Mami,1
1939,Sergio Carvajal,Sergio,Carvajal,1
194,Chris Reyes,Chris,Reyes,1
1940,Khoa Vo,Khoa,Vo,1
1941,Bryan Esparza,Bryan,Esparza,1
1942,Marc Margoni,Marc,Margoni,1
1943,Annie So,Annie,So,1
1944,Wendy Cardona,Wendy,Cardona,1
1945,Alexandra Ankudowich,Alexandra,Ankudowich,1
1946,Mark Yamarone,Mark,Yamarone,1
1947,Jeff Chan,Jeff,Chan,1
1948,Ana Rodriguez,Ana,Rodriguez,1
1949,Anika-aduesa Smart,Anika-aduesa,Smart,1
195,Christina Marquez,Christina,Marquez,1
1950,Aaron Johnson,Aaron,Johnson,1
1951,Diana Sun,Diana,Sun,1
1952,Daniel Robb,Daniel,Robb,1
1953,Carlos 4 Martinez,Carlos 4,Martinez,1
1954,Roxane Marquez,Roxane,Marquez,1
1955,Marla Westervelt,Marla,Westervelt,1
1956,Shelly Ray,Shelly,Ray,1
1957,Erica Lee,Erica,Lee,1
1958,Peter Carter,Peter,Carter,1
1959,Rose Golez,Rose,Golez,1
196,Christina Goins,Christina,Goins,1
1960,John Noonen,John,Noonen,1
1961,Salvador Chavez,Salvador,Chavez,1
1962,Rafael Vasquez,Rafael,Vasquez,1
1963,Kenyon Price,Kenyon,Price,1
1964,Debra Avila,Debra,Avila,1
1965,Anush Beglaryan,Anush,Beglaryan,1
1966,Annie Duong,Annie,Duong,1
1967,Gustavo Ortega,Gustavo,Ortega,1
1968,Ernesto Deguzman,Ernesto,Deguzman,1
1969,Merissa Josephson,Merissa,Josephson,1
197,Claudia Osorio,Claudia,Osorio,1
1970,Tess Fitzpatrick,Tess,Fitzpatrick,1
1971,Robert Spadafora,Robert,Spadafora,1
1972,Annie Chou,Annie,Chou,1
1973,Adrian Ziemer,Adrian,Ziemer,1
1974,Christine Shen,Christine,Shen,1
1975,Matthew Crumley,Matthew,Crumley,1
1976,Aryani Guzman,Aryani,Guzman,1
1977,Anisha Ahuja,Anisha,Ahuja,1
1978,Laura Flores,Laura,Flores,1
1979,Kevin Tran,Kevin,Tran,1
198,Collette Langston,Collette,Langston,1
1980,Nicholas Szamet,Nicholas,Szamet,1
1981,Janice Hahn,Janice,Hahn,1
1982,Kathryn Barger,Kathryn,Barger,1
1983,Marisa Creter,Marisa,Creter,1
1984,Man San (Vincent) Chio,Man San (Vincent),Chio,1
1985,Brian Balderrama,Brian,Balderrama,1
1986,Robert Garcia,Robert,Garcia,1
1987,Tony Hui,Tony,Hui,1
1988,Valinda Rodriguez,Valinda,Rodriguez,1
1989,Carlos Montez,Carlos,Montez,1
199,Dave Edwards,Dave,Edwards,1
1990,Ronald White,Ronald,White,1
1991,Alberto Garcia,Alberto,Garcia,1
1992,Maral Minasian,Maral,Minasian,1
1993,Todd Garner,Todd,Garner,1
1994,Ruben Cardenas,Ruben,Cardenas,1
1995,Shaunt Avanesian,Shaunt,Avanesian,1
1996,Sean Roe,Sean,Roe,1
1997,Christina Baghdasarian,Christina,Baghdasarian,1
1998,Albert Soliz,Albert,Soliz,1
1999,Selena Landero,Selena,Landero,1
200,Deanna Phillips,Deanna,Phillips,1
2000,Ivan Gonzalez,Ivan,Gonzalez,1
2001,Julie Nguyen,Julie,Nguyen,1
2003,Michael Martin,Michael,Martin,1
2004,Patricia Martin,Patricia,Martin,1
2005,Errol Taylor,Errol,Taylor,1
2006,Marshall Epler,Marshall,Epler,1
2007,Manjeet Ranu,Manjeet,Ranu,1
2008,Gina Romo,Gina,Romo,1
2009,Nancy Huynh,Nancy,Huynh,1
201,Denise Charles,Denise,Charles,1
2010,Jason Lombardi,Jason,Lombardi,1
2011,Shannon Hamelin,Shannon,Hamelin,1
2012,Robert Campbell,Robert,Campbell,1
2013,Edmund Gonzales,Edmund,Gonzales,1
2014,Michelle Tessier,Michelle,Tessier,1
2015,Roya Falahati,Roya,Falahati,1
2016,Lauren Cencic,Lauren,Cencic,1
2017,Michael Gonzales,Michael,Gonzales,1
2018,John Potts,John,Potts,1
2019,Angela Mukirae,Angela,Mukirae,1
202,Denise Castro,Denise,Castro,1
2020,Scott Vranesh,Scott,Vranesh,1
2021,Tafarai Bayne,Tafarai,Bayne,1
2022,Kurt Hagen,Kurt,Hagen,1
2023,Dave Myers,Dave,Myers,1
2024,Sarah Bao (Son) Tran,Sarah Bao (Son),Tran,1
2025,Laurie Lombardi,Laurie,Lombardi,1
2026,Robert Romanowski,Robert,Romanowski,1
2028,Arnel Abeleda,Arnel,Abeleda,1
2029,Karen Swift,Karen,Swift,1
203,Don Howey,Don,Howey,1
2030,Susan Walker,Susan,Walker,1
2031,Avis Gibson,Avis,Gibson,1
2032,Aaron Santos,Aaron,Santos,1
2033,Derek Hull,Derek,Hull,1
2034,Georgia Sheridan,Georgia,Sheridan,1
2035,Bernice Tato,Bernice,Tato,1
2036,Artineh Havan,Artineh,Havan,1
2037,Carlos Guevara-Romero,Carlos,Guevara-Romero,1
2038,Jon Gordon,Jon,Gordon,1
2039,Craig Hoshijima,Craig,Hoshijima,1
204,Don Ott,Don,Ott,1
2040,Stephanie Blanco,Stephanie,Blanco,1
2041,Louise Datu,Louise,Datu,1
2042,Rani Narula-Woods,Rani,Narula-Woods,1
2043,Robert Sauceda,Robert,Sauceda,1
2044,Ginny Brideau,Ginny,Brideau,1
2045,Don Norte,Don,Norte,1
2046,Danielle Valentino,Danielle,Valentino,1
2047,Amanda Duddles,Amanda,Duddles,1
2048,Bruce Schmith,Bruce,Schmith,1
2049,Olivia Harris,Olivia,Harris,1
205,Donna Adams,Donna,Adams,0
2050,Catherine Saint,Catherine,Saint,1
2051,Manchi Yi,Manchi,Yi,1
2052,Diana Dai-Tsang,Diana,Dai-Tsang,1
2053,David M. Fisk,David M.,Fisk,1
2054,Shiyun (Jenny) Wang,Shiyun (Jenny),Wang,1
2055,Alison Olmos,Alison,Olmos,1
2056,Flor Anaya,Flor,Anaya,1
2057,Lauren Grabowski,Lauren,Grabowski,1
2058,Marvin Li,Marvin,Li,1
2059,Yousef Salama,Yousef,Salama,1
206,Dorethea Roberts,Dorethea,Roberts,1
2060,Joseph Urzua,Joseph,Urzua,1
2061,Michael Barrita,Michael,Barrita,1
2062,My La,My,La,1
2063,Suzanna Sterling,Suzanna,Sterling,1
2064,Zipporah Yamamoto,Zipporah,Yamamoto,1
2065,Andrew Conriquez,Andrew,Conriquez,1
2066,John Tor,John,Tor,1
2067,Shane Clement,Shane,Clement,1
2068,Sarah Syed,Sarah,Syed,1
2069,Julio Perucho,Julio,Perucho,1
207,Duane Martin,Duane,Martin,1
2070,Bibiana Zuniga,Bibiana,Zuniga,1
2071,Nadine Lee,Nadine,Lee,1
2072,Alyssa Garcia,Alyssa,Garcia,1
2073,Lorretta Norris,Lorretta,Norris,1
2074,Nathanael Isbell,Nathanael,Isbell,1
2075,Harold Martin,Harold,Martin,1
2076,Adrian Luesang,Adrian,Luesang,1
2077,Mario Reza,Mario,Reza,1
2078,Jenny Cristales-Cevallos,Jenny,Cristales-Cevallos,1
2079,Edward Estrada,Edward,Estrada,1
208,Elba Higueros,Elba,Higueros,1
2080,Rafie Zamani,Rafie,Zamani,1
2081,Pamela Del Valle,Pamela,Del Valle,1
2082,Mayra Chete,Mayra,Chete,1
2083,James D. Pachan,James,Pachan,1
2084,Eric Chun,Eric,Chun,1
2085,Emma Huang,Emma,Huang,1
2086,Dina Saleh,Dina,Saleh,1
2087,Wendy Blankenburg,Wendy,Blankenburg,1
2088,Sameh Ghaly,Sameh,Ghaly,1
2089,Elke Campbell,Elke,Campbell,1
209,Elizabeth Bennett,Elizabeth,Bennett,1
2090,Joanne Peterson,Joanne,Peterson,0
2091,Makayla De La Cruz,Makayla,De La Cruz,1
2092,Marissa Martinez,Marissa,Martinez,1
2093,Raymond Lopez,Raymond,Lopez,1
2094,Joe Mendez,Joe,Mendez,1
2095,Danny Wu,Danny,Wu,1
2096,Herman Gallardo,Herman,Gallardo,1
2097,Jacquelyn Pruitt,Jacquelyn,Pruitt,1
2098,RanJun Barua,RanJun,Barua,1
2099,Rodney Johnson,Rodney,Johnson,1
210,Elizabeth Silva,Elizabeth,Silva,1
2100,Karen Rubio,Karen,Rubio,1
2101,Jimmy Abarca,Jimmy,Abarca,1
2102,Art Torres,Art,Torres,1
2103,Craig Justesen,Craig,Justesen,1
2104,Jang Bae,Jang,Bae,1
2105,Muralidhar Kadambala,Muralidhar,Kadambala,1
2106,Scott Arbuckle,Scott,Arbuckle,1
2107,Samantha Delgadillo,Samantha,Delgadillo,1
2108,Carolyn Mamaradlo,Carolyn,Mamaradlo,1
2109,Marc Manning,Marc,Manning,1
211,Fe Dalida,Fe,Dalida,1
2110,Andrew Kimani,Andrew,Kimani,1
2111,Katherine Miralles,Katherine,Miralles,1
2112,Elaine McGee,Elaine,McGee,1
2113,John Bulinski,John,Bulinski,1
2114,Holly Rockwell,Holly,Rockwell,1
2115,Raul Perez,Raul,Perez,1
2116,Susana De La Torre,Susana,De La Torre,1
2117,Angie Godinez,Angie,Godinez,1
2118,Alan Bennett,Alan,Bennett,1
2119,Jaime Arroyo,Jaime,Arroyo,1
212,Nancy Saravia,Nancy,Saravia,1
2120,Michael Luna,Michael,Luna,1
2121,Jacquilyne Brooks de Camarillo,Jacquilyne,Brooks de Camarillo,1
2122,Joshua Marquez,Joshua,Marquez,1
2123,Karen Wenzel,Karen,Wenzel,1
2124,Kimberly Sterling,Kimberly,Sterling,1
2125,Phylyp Bardowell,Phylyp,Bardowell,1
2126,Daniel Tran,Daniel,Tran,1
2127,Bryan Sastokas,Bryan,Sastokas,1
2128,Annabelle Hernandez-Rodriguez,Annabelle,Hernandez-Rodriguez,1
2129,Nazaneen Habib,Nazaneen,Habib,1
2130,Stephania Calsing,Stephania,Calsing,1
2133,Nathan Carlson,Nathan,Carlson,1
2134,Colin Peppard,Colin,Peppard,1
2135,Robert Pennington,Robert,Pennington,1
2136,Kimberlyn Richardson,Kimberlyn,Richardson,1
2137,Andrea Harris-Sterling,Andrea,Harris-Sterling,1
2138,John Collins,John,Collins,1
2139,Ellen Isaacs,Ellen,Isaacs,1
214,Greg Kildare,Greg,Kildare,1
2140,Wally Siembab,Wally,Siembab,1
2141,Mark Marukian,Mark,Marukian,1
2142,Erica Rodriguez-Duvergel,Erica,Rodriguez-Duvergel,1
2143,Krzysztof Sadlej,Krzysztof,Sadlej,1
2144,Anthony Crump,Anthony,Crump,1
2145,Elisa Galdamez,Elisa,Galdamez,1
2146,Katherine Gagnon,Katherine,Gagnon,1
2147,Carola Sanchez,Carola,Sanchez,1
2148,Damian Bonura,Damian,Bonura,1
2149,Aston Greene,Aston,Greene,1
215,Haylie Patterson,Haylie,Patterson,1
2150,Robert Rincon,Robert,Rincon,1
2151,Shawn Atlow,Shawn,Atlow,1
2152,Jacqueline Su,Jacqueline,Su,1
2153,Melvin Santos,Melvin,Santos,1
2154,Brent Kerr,Brent,Kerr,1
2155,Aida Berry,Aida,Berry,1
2156,Megan Nangle,Megan,Nangle,1
2157,Katricia Sabbath,Katricia,Sabbath,1
2158,DeValory Donahue,DeValory,Donahue,1
2159,James de la Loza,James,de la Loza,1
216,Helen Valenzuela,Helen,Valenzuela,1
2160,Annaleigh Yahata,Annaleigh,Yahata,1
2161,Melani Smith,Melani,Smith,1
2162,Karly Katona,Karly,Katona,1
2163,Akiko Yamagami,Akiko,Yamagami,1
2164,Alex Amadeo,Alex,Amadeo,1
2165,Lily Foster,Lily,Foster,1
2166,Craig Reiter,Craig,Reiter,1
2167,John Beck,John,Beck,1
2168,Bryant Vo,Bryant,Vo,1
2169,Leisa Oden-Kurz,Leisa,Oden-Kurz,1
217,Holly Shields,Holly,Shields,1
2170,Nour Abou-Fadel,Nour,Abou-Fadel,1
2171,-Omar(TEST-Drafter) Camacho,-Omar(TEST-Drafter),Camacho,1
2172,-Omar(TEST-Coordinator) Camacho,-Omar(TEST-Coordinator),Camacho,1
2173,Joyce Burrell Garcia,Joyce,Burrell Garcia,1
2174,Michelle Acosta,Michelle,Acosta,1
2175,Erica Gaskill,Erica,Gaskill,1
2176,Edith Avila,Edith,Avila,1
2177,Eric Houston,Eric,Houston,1
2178,Ruben Cervantes,Ruben,Cervantes,1
2179,Adam Stephenson,Adam,Stephenson,1
218,Jack Shigetomi,Jack,Shigetomi,1
2180,James Andrew,James,Andrew,1
2181,Mark Vallianatos,Mark,Vallianatos,1
2182,Chirag Rabari,Chirag,Rabari,1
2183,Kenneth L. Hernandez,Kenneth L.,Hernandez,1
2184,Fayma Ishaq,Fayma,Ishaq,1
2185,Mandy Cheung,Mandy,Cheung,1
2186,Eva Moir,Eva,Moir,1
2187,Cindy Morgan Kim,Cindy Morgan,Kim,1
2188,Adam Robertson,Adam,Robertson,1
2189,Renee Ho,Renee,Ho,1
219,Jessica Spearman,Jessica,Spearman,1
2190,Philip Tong,Philip,Tong,1
2191,Julie Mercker,Julie,Mercker,1
2192,Cassie Halls,Cassie,Halls,1
2193,KeAndra D. Cylear Dodds,KeAndra,Cylear Dodds,1
2194,Charletta R. Gipson,Charletta,Gipson,1
2195,Shaun Miller,Shaun,Miller,1
2196,Paulena Luk,Paulena,Luk,1
2197,Tisha Bruce,Tisha,Bruce,1
2198,Dominica Smith,Dominica,Smith,1
2199,Asuncion Dimaculangan,Asuncion,Dimaculangan,1
220,Joe Giba,Joe,Giba,1
2200,Taylor McIntyre,Taylor,McIntyre,1
2202,Myrna Rodriguez,Myrna,Rodriguez,1
2203,Michael Kim,Michael,Kim,1
2204,Caroline Sim,Caroline,Sim,1
2205,Rosa Zamorano,Rosa,Zamorano,1
2206,Namasivayam Sathialingam,Namasivayam,Sathialingam,1
2207,Aaron Weinstein,Aaron,Weinstein,1
2208,Paul Sullivan,Paul,Sullivan,1
2209,-Omar(TEST-SC) Camacho,-Omar(TEST-SC),Camacho,1
221,John Downey,John,Downey,1
2210,-Omar(TEST-VCM) Camacho,-Omar(TEST-VCM),Camacho,1
2211,Carlos Bohorquez,Carlos,Bohorquez,1
2212,Linda Briskman,Linda,Briskman,1
2213,Ryan Campbell,Ryan,Campbell,1
2214,Emilie H. Elias,Emilie,Elias,1
2215,Virginia Tanzmann,Virginia,Tanzmann,1
2216,Vanessa Vingno,Vanessa,Vingno,1
2217,Richard Stanger,Richard,Stanger,1
2218,Gregory Amparano ,Gregory,Amparano,1
2219,Jessica Gamez,Jessica,Gamez,1
222,Jonathan Adame,Jonathan,Adame,1
2220,Monica Born,Monica,Born,1
2221,Oscar Barcena,Oscar,Barcena,1
2222,Brian Gales,Brian,Gales,1
2223,Kristine Delgadillo,Kristine,Delgadillo,1
2224,-Omar(ADMIN) Camacho,ADMIN: Omar,Camacho,1
2225,Jay Gandhi,Jay,Gandhi,1
2226,Patricia Schnegg,Patricia,Schnegg,1
2227,Robert Green,Robert,Green,1
2228,Rosa Guillen,Rosa,Alvarez,1
2229,Meybel Monge,Meybel,Monge,1
223,Joseph Hernandez,Joseph,Hernandez,1
2230,Sandy Franco,Sandy,Franco,1
2231,Melissa Lai,Melissa,Lai,1
2232,Tony Tavares,Tony,Tavares,1
2233,Joseph Forgiarini,Joseph,Forgiarini,1
2234,Dwight Ham,Dwight,Ham,1
2235,Belinda Faustinos,Belinda,Faustinos,1
2236,Emina Darakjy,Emina,Darakjy,1
2237,Louis Moret,Louis,Moret,1
2238,Brian Russell,Brian,Russell,1
2239,Michael Maulano,Michael,Maulano,1
224,Julie Ellis,Julie,Ellis,1
2240,Holly J. Mitchell,Holly J.,Mitchell,1
2241,Christopher Moorman,Christopher,Moorman,1
2242,Kavita Mehta,Kavita,Mehta,1
2243,Jacqueline Daniels,Jacqueline,Daniels,1
2244,Tim Sandoval,Tim,Sandoval,1
2245,Paul Solis,Paul,Solis,1
2246,Lorena Martinez,Lorena,Martinez,1
2247,Patrice McElroy,Patrice,McElroy,1
2248,Michelle McFadden Quinn,Michelle,Quinn,1
2249,Biljana Seki,Biljana,Seki,1
225,Karen Gorman,Karen,Gorman,1
2250,Oren Ben-Joseph,Oren,Ben-Joseph,1
2251,Mitali Gupta,Mitali,Gupta,1
2252,Kyle Wagner,Kyle,Wagner,1
2253,Fernando Dutra,Fernando,Dutra,1
2254,Valerie Mudegoren,Valerie,Mudegoren,1
2255,Sona Babayan,Sona,Babayan,1
2256,Allison Yoh,Allison,Yoh,1
2257,Heather Repenning,Heather,Repenning,1
2259,Ron Dickerson,Ron,Dickerson,1
226,Keith Compton,Keith,Compton,1
2260,Samuel Harper,Samuel,Harper,1
2261,Monica Waggoner,Monica,Waggoner,1
2262,Pedro Gutierrez,Pedro,Gutierrez,1
2263,-Omar(TEST-OCEO Support) Camacho,-Omar(TEST-OCEO Support),Camacho,1
2264,Brandy Alvarez,Brandy,Alvarez,1
2265,Naomi Iwasaki,Naomi,Iwasaki,1
2266,Carolyn Vera,Carolyn,Vera,1
2267,Melissa Reyes,Melissa,Reyes,1
2268,Liset Corona,Liset,Corona,1
2269,Michael Dixon,Michael,Dixon,1
227,Laura Gomez,Laura,Gomez,1
2270,Anthony Burton,Anthony,Burton,1
2271,Ni nyoman Paul,Ni nyoman,Paul,1
2272,-Omar(TEST-READ ONLY) Camacho,-Omar(TEST-READ ONLY),Camacho,1
2273,Sheila Marie Samala,Sheila Marie,Samala,1
2274,Shayna Vakharia,Shayna,Vakharia,1
2275,Claudia Velasco,Claudia,Velasco,1
2276,James Shahamiri,James,Shahamiri,1
2277,Daniel Lamere,Daniel,Lamere,1
2278,Tamara Clark,Tamara,Clark,1
2279,Antonio Monreal,Antonio,Monreal,1
228,Lety Licon,Lety,Licon,1
2280,Patrick Diaz,Patrick,Diaz,1
2281,Jennifer Loew,Jennifer,Loew,0
2282,Shannon Thoene,Shannon,Thoene,1
2283,Julia Brown,Julia,Brown,1
2284,Michael Cortez,Michael,Cortez,1
2285,Joni Honor,Joni,Honor,1
2286,Natalie Martinez,Natalie,Martinez,1
2287,Judy Gerhardt,Judy,Gerhardt,1
2288,Luis E. Zazueta Jr.,Luis,Zazueta Jr.,1
2289,Obed Herrera,Obed,Herrera,1
229,Lindy Lee,Lindy,Lee,1
2290,Yamil Ramirez Roman,Yamil,Ramirez Roman,1
2291,Bernard Jackson,Bernard,Jackson,1
2292,Scott McConnell,Scott,McConnell,1
2293,Alan Tang,Alan,Tang,1
2294,Jessica Medina,Jessica,Medina,1
2295,Carey Jenkins,Carey,Jenkins,1
2296,Obdulia (Vanessa) Perez,Obdulia (Vanessa),Perez,1
2297,Michelle Chavez,Michelle,Chavez,1
2298,Gina Osborn,Gina,Osborn,1
2299,Sidney Urmancheev,Sidney,Urmancheev,1
230,Lonnie Mitchell,Lonnie,Mitchell,1
2300,Lainie Le,Lainie,Le,1
2301,Tierrah Duboise,Tierrah,Duboise,1
2302,Melissa Levitt,Melissa,Levitt,1
2303,Vanessa Perez,Vanessa,Perez,0
2304,Timothy Chin,Timothy,Chin,1
2305,-Omar(TEST-Board Secretary) Camacho,-Omar(TEST-Board Secretary),Camacho,1
2306,Lourdes Kriste,Lourdes,Kritse,1
2307,Wendy San,Wendy,San,1
2308,Spencer Vrieze,Spencer,Vrieze,1
2309,Rafael Hurtado Jr.,Rafael,Hurtado Jr.,1
231,Margarita Ortiz,Margarita,Ortiz,1
2310,Robert Bonner,Robert,Bonner,1
2311,Stephen Tsang,Stephen,Tsang,1
2313,Teyanna Williams,Teyanna,Williams,1
2314,Granicus Test,Granicus,Test,1
2315,Sharon Gookin-inactive,Sharon,Gookin,1
2316,Konstantin Akhrem,Konstantin,Akhrem,1
2317,Ryan Wiggins,Ryan,Wiggins,1
2318,Maria Hsin,Maria,Hsin,1
2319,Jennifer Vides,Jennifer,Vides,1
232,Maria Luk,Maria,Luk,1
2320,Juan Jimenez,Juan,Jimenez,1
2321,Hector Gutierrez,Hector,Gutierrez,1
2322,Justin Cooley,Justin,Cooley,1
2323,Kimberly Aristigi,Kimberly,Aristigi,1
2324,Neil Arellano,Neil,Arellano,1
2325,Monica Bouldin,Monica,Bouldin,1
2326,Andrew Black,Andrew,Black,1
2327,Jacqueline Torres,Jacqueline,Torres,1
2328,Gloire Lokula,Gloire,Lokula,1
2329,Claudia Carrillo,Claudia,Carrillo,1
233,Marla Miller,Marla,Miller,0
2330,Julian Thesseling,Julian,Thesseling,1
2331,Gloria Roberts,Gloria,Roberts,1
2332,Edna Stanley,Edna,Stanley,1
2333,Anthony Alvarez,Anthony,Alvarez,1
2334,Anthony Catalina,Anthony,Catalina,1
2335,Gabriela Rodriguez,Gabriela,Rodriguez,1
234,Martha Welborne,Martha,Welborne,1
235,Matthew Barrett,Matthew,Barrett,1
236,Michele Jackson,Michele,Jackson,1
237,Michelle Stewart,Michelle,Stewart,1
238,Monica Del Toro,Monica,Del Toro,1
239,Nadine Beffa,Nadine,Beffa,1
240,Nalini Ahuja,Nalini,Ahuja,1
241,Nancy Hinojosa,Nancy,Hinojosa,1
243,Nelli Derderian,Nelli,Derderian,1
244,Nicole Casalino,Nicole,Casalino,1
245,Nicole Martinez,Nicole,Martinez,1
246,Nikhil Sunder Raj,Nikhil,Sunder Raj,1
247,Nneka Echezona,Nneka,Echezona,1
248,Noelia Rodriguez,Noelia,Rodriguez,0
249,Nolan Borgman,Nolan,Borgman,1
250,Olivia Ford-Spradley,Olivia,Ford-Spradley,0
251,Omar Camacho,Omar,Camacho,1
252,Patricia Torres Bruno,Patricia,Torres Bruno,1
253,Paula Carvajal,Paula,Carvajal,1
254,Paula Guevara,Paula,Guevara,1
255,Regina Li-Armijo,Regina,Li-Armijo,1
256,Richard Bachman,Richard,Bachman,1
257,Rick Thorpe,Rick,Thorpe,1
258,Ron Jue,Ron,Jue,0
259,Rosalina Hernandez,Rosalina,Hernandez,1
260,Ruby Arellano,Ruby,Arellano,1
261,Ruthe Holden,Ruthe,Holden,1
262,Sam Mayman,Sam,Mayman,1
263,Sandra Gonzales,Sandra,Gonzales,1
264,Stephanie Kaping,Stephanie,Kaping,1
265,Stephanie Wiggins,Stephanie,Wiggins,1
266,Susan Knott,Susan ,Knott,1
267,Susanne Kerenyi,Susanne,Kerenyi,1
268,Suzanne Lauver,Suzanne,Lauver,1
269,Tara Butler,Tara,Butler,1
270,Tim Rosevear,Tim,Rosevear,1
271,Velma Marshall,Velma,Marshall,1
272,Veronica Guzman,Veronica,Guzman,1
273,Victor Ramirez,Victor,Ramirez,1
274,Yvette Ford,Yvette,Ford,1
275,Zoe Unruh,Zoe,Unruh,1
276,Kelly Minta,Kelly,Minta,1
277,Robert Dodd,Robert,Dodd,1
278,Eric Garcetti,Eric,Garcetti,1
279,Mark Ridley-Thomas,Mark,Ridley-Thomas,1
280,John Fasana,John,Fasana,1
281,Michael Antonovich,Michael,Antonovich,1
282,Mike Bonin,Mike,Bonin,1
283,Diane DuBois,Diane,DuBois,1
284,Jacquelyn Dupont-Walker,Jacquelyn,Dupont-Walker,1
285,Don Knabe,Don,Knabe,1
286,Paul Krekorian,Paul,Krekorian,1
287,Sheila Kuehl,Sheila,Kuehl,1
288,Ara J. Najarian,Ara J.,Najarian,1
289,Pam O'Connor,Pam,O'Connor,1
290,Hilda L. Solis,Hilda,Solis,1
324,Patricia Galvez,Patricia,Galvez,1
325,Julie Chang,Julie,Chang,1
326,Eric Geier,Eric,Geier,1
327,Rebecca Gilden,Rebecca,Gilden,1
328,Lindsay Meurs,Lindsay,Meurs,1
329,Linda Royster,Linda,Royster,1
330,Patricia Espinoza,Patricia,Espinoza,1
331,Linda Hoilett,Linda,Hoilett,1
332,Charlotte Richardson,Charlotte,Richardson,1
333,Jovito Baldovino,Jovito,Baldovino,1
3335,Elezanbee Vue,Elezanbee,Vue,1
3336,Isabella Salahshoor,Isabella,Salahshoor,1
3337,Corey Ellis,Corey,Ellis,1
3338,Lauren Choi,Lauren,Choi,1
3339,Cameron Palm,Cameron,Palm,1
334,Michele Chau,Michele,Chau,1
3340,Simon Lee,Simon,Lee,1
3341,William Peterson,William,Peterson,1
3342,Robert Gummer,Robert,Gummer,1
3343,Kyoung Lee,Kyoung,Lee,1
3344,Ray Sosa,Ray,Sosa,1
3345,Seleta Reynolds,Seleta,Reynolds,1
3346,Chelsea Bajorunas,Chelsea,Bajorunas,1
3347,Michelle Banks-Ordone,Michelle,Banks-Ordone,1
3348,Jennifer Su,Jennifer,Su,1
3349,Behnam Mehraie,Behnam,Mehraie,1
335,Elizabeth Preston,Elizabeth,Preston,1
3350,Mary Hao,Mary,Hao,1
3351,Jeffrey Ross,Jeffrey,Ross,1
3352,Satasia Brown,Satasia,Brown,1
3353,Tina Panek,Tina,Panek,1
3354,Sangjun Lee,Sangjun,Lee,1
3355,Karen Bass,Karen,Bass,1
3356,Lindsey Horvath,Lindsey,Horvath,1
3357,Lan-Chi Lam,Lan-Chi,Lam,1
3358,Chelsea Meister,Chelsea,Meister,1
3359,Holly Hampton,Holly,Hampton,1
336,Steven Carnevale,Steven,Carnevale,1
3360,Marysol Arellano,Marysol,Arellano,1
3361,Jan Yonan,Jan,Yonan,1
3362,Cassandra Nash,Cassandra,Nash,1
3364,Zachary Popp,Zachary,Popp,1
3365,Josh Margraf,Josh,Margraf,1
3366,Marilyn Palacios,Marilyn,Palacios,1
3367,Jose Lopez,Jose,Lopez,1
3368,Linda Antosy,Linda,Antosy,1
3369,Adriana Kharaud,Adriana,Kharaud,1
337,David Cordier,David,Cordier,1
3370,Jefferson Isai Rosa,Jefferson Isai,Rosa,1
3371,Doug Mensman,Doug,Mensman,1
3372,Dave Perry,Dave,Perry,1
3373,Katy Yaroslavsky,Katy,Yaroslavsky,1
3374,Kellie Johnson,Kellie,Johnson,1
3375,Claudia Castillo del Muro,Claudia,Castillo del Muro,1
3376,Monica Rios,Monica,Rios,1
3377,James Sugawara,James,Sugawara,1
3378,Marcel Porras,Marcel,Porras,1
3379,Kenneth Shelton,Kenneth,Shelton,1
338,Thomas Friedman,Thomas,Friedman,1
3380,Paul Cho,Paul,Cho,1
3381,Darryl Root,Darryl,Root,1
3382,Jenny Tran,Jenny,Tran,1
3383,Christopher Leon,Christopher,Leon,1
3384,Justin Tsang,Justin,Tsang,1
3385,Angela Winston,Angela,Winston,1
3386,Cedric Tong,Cedric,Tong,1
3387,Jane Chan,Jane,Chan,1
3388,Christina Long,Christina,Long,1
3389,Chandel Buelna,Chandel,Buelna,1
339,Barbara Goul,Barbara,Goul,1
3390,Lorena Ramirez,Lorena,Ramirez,1
3391,Craig Joyce,Craig,Joyce,1
3392,Madeleine Moore,Madeleine,Moore,1
3393,Paul Rajmaira,Paul,Rajmaira,1
3394,Stephen Heaney,Stephen,Heaney,1
3395,Vahid Haghdoust,Vahid,Haghdoust,1
3396,Althea Bovell,Althea,Bovell,1
3397,Itzel Rojas,Itzel,Rojas,1
3398,Vanesa Torres,Vanesa,Torres,1
3399,Avital Barnea,Avital,Barnea,1
340,Marina Hovhannisyan,Marina,Hovhannisyan,1
3401,Gregory Gastelum,Gregory,Gastelum,1
3402,Paul Backstrom,Paul,Backstrom,1
3403,Kimberly Houston,Kimberly,Houston,1
3404,Mildred Perez,Mildred,Perez,1
3405,Alyse Tolar,Alyse,Tolar,1
3406,Amada Cecilia Miranda,Amada Cecilia,Miranda,1
3407,James Giblin,James,Giblin,1
3408,Andrew Coppolo,Andrew,Coppolo,1
3409,Cristian Leiva,Cristian,Leiva,1
341,Patricia Kramer,Patricia,Kramer,1
3410,Chris Corrao,Christopher,Corrao,1
3411,Eduardo Serafin,Eduardo,Serafin,1
3412,Allan Sanchez,Allan,Sanchez,1
3413,Shirley Tse,Shirley,Tse,1
3414,Wan fatimah (Aniza) Wan nawang,Wan fatimah (Aniza),Wan nawang,1
3415,Dawn Jackson-Perkins,Dawn,Jackson-Perkins,1
3416,Laiza Pacheco,Laiza,Pacheco,1
3417,Maria G. Meleandez,Maria,Meleandez,1
3418,Ignacio Saucedo,Ignacio,Saucedo,1
3419,Mildred Martinez,Mildred,Martinez,1
342,Mark La Rosa,Mark,La Rosa,1
3420,Bryan Payne,Bryan,Payne,1
3421,Charlotte Stadelmann,Charlotte,Stadelmann,1
3422,Mica O’Brien,Mica,O’Brien,1
3423,Karen Parks,Karen,Parks,1
3424,Annalisa Murphy,Annalisa,Murphy,1
3425,Darcy Buryniuk,Darcy,Buryniuk,1
3426,Salah Michael Tahan,Michael,Tahan,1
3427,Elizabeth Martin-Maldonado,Elizabeth,Martin-Maldonado,1
3428,Allison Mannos,Allison,Mannos,1
3429,Joseph Chaconas,Joseph,Chaconas,1
343,James Owens,James,Owens,1
3430,Anthony DeFrenza,Anthony,DeFrenza,1
3431,Jennifer Avelar,Jennifer,Avelar,1
3432,Peter Chou,Peter,Chou,1
3433,Eddi Zepeda,Eddi,Zepeda,1
3434,Armine Menemshyan,Armine,Menemshyan,1
3435,Aidan Clark,Aidan,Clark,1
3436,Marcella Rodriguez,Marcella,Rodriguez,1
3437,Selene Sun,Selene,Sun,1
3438,Veda Sargent,Veda,Sargent,1
3439,Kevin Kay,Kevin,Kay,1
344,Raymond Rust,Raymond,Rust,1
3440,Pablo Lujan Garcia,Pablo Lujan,Garcia,1
3441,Lizzet Gonzalez,Lizzet,Gonzalez,1
3442,Conrad Viana,Conrad,Viana,1
3443,Ilyssa DeCasperis,Ilyssa,DeCasperis,1
3445,Ricardo Narvaez,Ricardo,Narvaez,1
3446,Britney Shedrick,Britney,Shedrick,1
3447,Troy Cook,Troy,Cook,1
3448,Hannah Brunelle,Hannah,Brunelle,1
3449,Stephen Lee,Stephen,Lee,1
345,Jill Sperber,Jill,Sperber,1
3450,Linda Hui,Linda,Hui,1
3451,Joseph Barrios,Joseph,Barrios,1
3452,Maria Sanchez,Maria,Sanchez,1
3453,Nell Mardirosian,Nell,Mardirosian,1
3454,David Leyzerovsky,David,Leyzerovsky,1
3455,Rochelle Avella,Rochelle,Avella,1
3456,Cassie Truong,Cassie,Truong,1
3457,Amy Chi,Amy,Chi,1
3458,Jewel DeGuzman,Jewel,DeGuzman,1
3459,Henry Phipps,Henry,Phipps,1
346,Nancy Watson,Nancy,Watson,1
3460,Fred Leung,Fred,Leung,1
3461,Ani Pogossian,Ani,Pogossian,1
3462,Kenneth Hernandez,Kenneth,Hernandez,1
3463,Audrey Cameron,Audrey,Cameron,1
3464,Joshua Haskins,Joshua,Haskins,1
3465,Robert Suh,Robert,Suh,1
3466,Douglas Tohom,Douglas,Tohom,1
3467,Joel Soto,Joel,Soto,1
3468,Ayde Gonzalez,Ayde,Gonzalez,1
3469,Nicole Hernandez,Nicole,Hernandez,1
347,Joan Chu,Joan,Chu,1
3470,Nicole Jimerson,Nicole,Jimerson,1
3471,Mason Lutz,Mason,Lutz,1
3472,Shelitha Kimble,Shelitha,Kimble,1
3473,Raquel Martinez,Raquel,Martinez,1
3474,Gregory Miller,Gregory,Miller,1
3475,Matthew Bresolin,Matthew,Bresolin,1
3476,-Neil(ADMIN) Arellano,Neil,Arellano,1
3477,Alice Hsu,Alice,Hsu,1
3478,Mariko Toy,Mariko,Toy,1
3479,Madelia Rivera,Madelia,Rivera,1
348,George Coates,George,Coates,1
3480,Celeste Wilson,Celeste,Wilson,1
3481,Harrison Sutton,Harrison,Sutton,1
3482,Tina Hoffstetter,Tina,Hoffstetter,1
3483,Joshua Sierra,Joshua,Sierra,1
3484,Kim Chan,Kim,Chan,1
3485,Pascal Batarseh,Pascal,Batarseh,1
3486,Jaquan Holland,Jaquan,Holland,1
3487,Alfredo Jacquez,Alfredo,Jacquez,1
3488,Glizel Santos,Glizel,Santos,1
3489,Jesus Hernandez,Jesus,Hernandez,1
349,Judy Cole-Courtney,Judy,Cole-Courtney,1
3490,Jordan Vo,Jordan,Vo,1
3491,Marnin Somerman,Marnin,Somerman,1
3492,Mike Gallegos,Mike,Gallegos,1
3493,Karthik Radhakrishnan,Karthik,Radhakrishnan,1
3494,Janet Hernandez,Janet,Hernandez,1
3495,Zephaniah Varley,Zephaniah,Varley,1
3496,Hayarpi Tosunyan,Hayarpi,Tosunyan,1
3497,Layla Ramos,Layla,Ramos,1
3498,Daniel Bernstein,Daniel,Bernstein,1
3499,Laura Sanchez,Laura,Sanchez,1
350,James Hagen,James,Hagen,1
3500,Sharon Gookin,Sharon,Gookin,1
3501,Tyler Kielb,Tyler,Kielb,1
3502,Beck Groff,Beck,Groff,1
3503,Stuart Bermudez,Stuart,Bermudez,1
3504,Kimberly Fisher,Kimberly,Fisher,1
3505,Adam Paranial,Adam,Paranial,1
3506,Shelby Michael,Shelby,Michael,1
3507,Mojgan Partovi,Mojgan,Partovi,1
3508,Christopher Lopez,Christopher,Lopez,1
3509,Uriel Villa,Uriel,Villa,1
351,Hai Lin,Hai,Lin,1
3510,Lorraine Aldridge,Lorraine,Aldridge,1
3511,Tom Richardson,Tom,Richardson,1
3512,Neil Arellano-test,Neil,Arellano-test,1
3513,Jimmy Hyun,Jimmy,Hyun,1
3514,Katrina Luk,Katrina,Luk,1
3515,Joanna Lemus,Joanna,Lemus,1
3516,April Garza,April,Garza,1
3517,Nancy Lo Wong,Nancy,Lo Wong,1
3518,Aditi Kambuj,Aditi,Kambuj,1
3519,Rashanda Davis,Rashanda,Davis,1
352,George Maycott,George,Maycott,1
3520,Nicole Ferrara,Nicole,Ferrara,1
3521,Uduak-Joe Ntuk,Uduak-Joe,Ntuk,1
3522,Hoan Tang,Hoan,Tang,1
3523,Linda Herrera,Linda,Herrera,1
3524,Aaron Demirci,Aaron,Demirci,1
3525,Imelda Padilla,Imelda,Padilla,1
3526,Karen Starr,Karen,Starr,1
3527,Jeremy Borrego,Jeremy,Borrego,1
3528,Nolan Haskovec,Nolan,Haskovec,1
3529,Mac Montgomery,Mac,Montgomery,1
353,John Metcalf,John,Metcalf,1
3530,Isabelle Garvanne,Isabelle,Garvanne,1
3531,Hellen Carcamo,Hellen,Carcamo,1
3532,Minji Kwon,Minji,Kwon,1
3533,Khristian Decastro,Khristian,Decastro,1
3534,Daniela Amores,Daniela,Amores,1
3535,Tess Paige,Tess,Paige,1
3536,Tania Hernandez Ortega,Tania,Hernandez Ortega,1
3537,Susana Reyes,Susana,Reyes,1
3538,Aren Hacoupian,Aren,Hacoupian,1
3539,Oluwatimilehin Famuyibo,Oluwatimilehin,Famuyibo,1
354,Brian O'Reilly,Brian,O'Reilly,1
3540,Nadia Bashier,Nadia,Bashier,1
3541,Angela Scott,Angela,Scott,1
3542,Arash Dowlatshahi,Arash,Dowlatshahi,1
3543,Brent Robinson,Brent,Robinson,1
3544,Edward-michael Muna,Edward-michael,Muna,1
3545,Pilar Vazquez,Pilar,Vazquez,1
3546,Nicky Galarza,Nicky,Galarza,1
3547,Hasmig Chilingarian,Hasmig,Chilingarian,1
3548,Jasmine Nuyen,Jasmine,Nuyen,1
3549,Miguel Moran Contreras,Miguel,Moran Contreras,1
355,Raymond Rivera,Raymond,Rivera,1
3550,Arnold Hackett,Arnold,Hackett,1
3551,Douglas Mensman,Douglas,Mensman,1
3552,Winnie Fong,Winnie,Fong,1
3553,Gabriela Lontos-Lawlor,Gabriela,Lontos-Lawlor,1
3554,Dennis Young,Dennis,Young,1
3555,William Scott,William,Scott,1
3556,Lew Wood,Lew,Wood,1
3557,Sally Eslava,Sally,Eslava,1
3558,Skyler Hecox,Skyler,Hecox,1
3559,Drew Allen,Drew,Allen,1
356,Stanley Shirai,Stanley,Shirai,1
3560,Dustin Sifford,Dustin,Sifford,1
3561,Christopher Davis,Christopher,Davis,1
3562,Gail Buck,Gail,Buck,1
3563,Nicole Tolentino,Nicole,Tolentino,1
3564,Andres Roa,Andres,Roa,1
3565,Mark Jackson,Mark,Jackson,1
3566,Ryan Chan,Ryan,Chan,1
3567,Tayo Edun,Tayo,Edun,1
3568,Cindy Cho,Cindy,Cho,1
3569,Shelly (ADMIN) Ray,ADMIN: Shelly,Ray,1
357,Myra Taylor,Myra,Taylor,1
3570,Nathanael Allan Fye,Nathanael Allan,Fye,1
3571,David Davies,David,Davies,1
3572,Alaina Ortiz,Alaina,Ortiz,1
3573,Max Neumann,Max,Neumann,1
3574,Menna Araya,Menna,Araya,1
3575,Daniel Yu,Daniel,Yu,1
3576,Marissa Brown,Marissa,Brown,1
3577,Cristina Ungureanu,Cristina,Ungureanu,1
3578,Jacquilyne Camarillo,Jacquilyne,Camarillo,1
3579,Misty Atalanta Alderaan,Misty,Atalanta Alderaan,1
358,Dawn Williams-Woodson,Dawn,Williams-Woodson,1
3580,Laura Barrera,Laura,Barrera,1
3581,Liz Elkins,Liz,Elkins,1
3582,Jeremy Santos,Jeremy,Santos,1
3583,Sally Tan,Sally,Tan,1
3584,Jered Rakosky,Jered,Rakosky,1
3585,Antranik Banalian,Antranik,Banalian,1
3586,Christina Wonders,Christina,Wonders,1
3587,Samantha Munoz,Samantha,Munoz,1
3588,Brian Espinoza,Brian,Espinoza,1
3589,Lilly O’Brien-Kovari,Lilly,O’Brien-Kovari,1
359,Yvonne Zheng,Yvonne,Zheng,1
3590,Rohan Anderson,Rohan,Anderson,1
3591,Tarek Abuomar,Tarek,Abuomar,1
3592,Bryan Truong,Bryan,Truong,1
3593,Francesco Palmieri,Francesco,Palmieri,1
3594,Nigel Jefferson,Nigel,Jefferson,1
3595,Kathy Khang,Kathy,Khang,1
3596,Marisa Perez,Marisa,Perez,1
3597,Crystal Larios,Crystal,Larios,1
3598,Charles Tsang,Charles,Tsang,1
3599,Cynthia Wong,Cynthia,Wong,1
3600,Pedro Talles,Pedro,Talles,1
3601,Lanease Adams,Lanease,Adams,1
3602,Jenica Situ,Jenica,Situ,1
3603,Kellie Carson,Kellie,Carson,1
3604,Bryan Mex,Bryan,Mex,1
3605,Jerardo Arciniega,Jerardo,Arciniega,1
3606,Serena Lin,Serena,Lin,1
3607,Michael Ganske,Michael,Ganske,1
3608,Helmer Rodriguez,Helmer,Rodriguez,1
3609,Neil Coleman,Neil,Coleman,1
361,Dana Aime Gonzalez,Dana Aime,Gonzalez,1
3610,Kacie Liew,Kacie,Liew,1
3611,Michael Harrington,Michael,Harrington,1
3612,Maia Siprashvili,Maia,Siprashvili,1
3613,Cristen Irasusta,Cristen,Irasusta,1
3614,Steve Kim,Steve,Kim,1
3615,Selena Chiang,Selena,Chiang,1
3616,John Platt,John,Platt,1
3617,Divna Lazic,Divna,Lazic,1
3618,Michaela Squier,Michaela,Squier,1
3619,Jaime Saucedo Macias,Jaime,Saucedo Macias,1
362,Vincent Martinez,Vincent,Martinez,1
3620,Jesus Alvarez,Jesus,Alvarez,1
3621,Gerardo Hurtado,Gerardo,Hurtado,1
3622,Maxine Ha,Maxine,Ha,1
3623,Mark Myers,Mark,Myers,1
3624,Cecily Way,Cecily,Way,1
3625,Carolina Gyodakyan,Carolina,Gyodakyan,1
3626,Lance Duran,Lance,Duran,1
3627,Gabriel Anaya,Gabriel,Anaya,1
3628,Chris Sheaffer,Chris,Sheaffer,1
3629,Amy Chen,Amy,Chen,1
363,Dianne Sirisut,Dianne,Sirisut,1
3630,Cameron Schreiter,Cameron,Schreiter,1
3631,Grace Haddad,Grace,Haddad,1
3632,Brittany Mullins,Brittany,Mullins,1
3633,Tracy Hernandez,Tracy,Hernandez,1
3634,Jeremy Oliver-Ronceros,Jeremy,Oliver-Ronceros,1
3635,Ernesto Medrano,Ernesto,Medrano,1
3636,Terry Dipple,Terry,Dipple,1
3637,Joanny Leyva,Joanny,Leyva,1
3638,Jill Sadler,Jill,Sadler,1
3639,Billie Green,Billie,Green,1
364,Marion Colston,Marion,Colston,1
3640,Clifford Klein,Clifford,Klein,1
3641,Brian Dominguez,Brian,Dominguez,1
3642,Tracy Truong,Tracy,Truong,1
3643,David Hernandez,David,Hernandez,1
3644,Alan Thompson,Alan,Thompson,1
3645,Daniella Perez,Daniella,Perez,1
3646,Maria Cardenas,Maria,Cardenas,1
3647,Erika Pinto,Erika,Pinto,1
3648,Angel Gonzalez,Angel,Gonzalez,1
3649,Breanna Hart,Breanna,Hart,1
365,Denise Eggins,Denise,Eggins,1
3650,Anna Figel,Anna,Figel,1
3651,Jessica Diaz,Jessica,Diaz,1
3652,Nicholas Fox Robbins,Nicholas Fox,Robbins,1
3653,Saul Garcia,Saul,Garcia,1
3654,Roli Khanna,Roli,Khanna,1
3655,Michael Santos,Michael,Santos,1
3656,Marcus Gillette,Marcus,Gillette,1
3657,Andy Mei,Andy,Mei,1
3658,Taizin Barnhardt,Taizin,Barnhardt,1
3659,Victor Paul,Victor,Paul,1
366,Charletta Gipson,Charletta,Gipson,1
3660,Rohit Sharda,Rohit,Sharda,1
3661,Rene Coronel,Rene,Coronel,1
3662,Ashiyr Pierson,Ashiyr,Pierson,1
3663,Michael Croomes,Michael,Croomes,1
3664,Yvonne Singleton,Yvonne,Singleton,1
3665,Jacob Wessel,Jacob,Wessel,1
3666,Angelos Kastrisianakis,Angelos,Kastrisianakis,1
3667,Rex Richardson,Rex,Richardson,1
3668,Jennifer Samson,Jennifer,Samson,1
3669,Owen Gorman,Owen,Gorman,1
367,Megan Hinojosa,Megan,Hinojosa,1
3670,Julio Antonio Soler,Julio Antonio,Soler,1
3671,Juana Ortiz-Delgado,Juana,Ortiz-Delgado,1
3672,Sandip De Sarkar,Sandip,De Sarkar,1
3673,Ian Wong,Ian,Wong,1
3674,Mohamed Diaw,Mohamed,Diaw,1
3675,Amuth Kausi,Amuth,Kausi,1
3676,Bilal Khazaal,Bilal,Khazaal,1
3677,Rachel Rios,Rachel,Rios,1
3678,Derek Leung,Derek,Leung,1
3679,Austin Pope,Austin,Pope,1
368,Jerome Jacobsen,Jerome,Jacobsen,1
3680,Daniela Pakro,Daniela,Pakro,1
3681,Christopher Michel,Christopher,Michel,1
3682,Irene Muro,Irene,Muro,1
3683,Collin Mullaney,Collin,Mullaney,1
3684,Mary J. Strobel,Mary,Strobel,1
3685,Wylan Gonzalez,Wylan,Gonzalez,1
3686,Jenny Wong,Jenny,Wong,1
3687,Dilni Sathkumara,Dilni,Sathkumara,1
3688,Judy Witrago,Judy,Witrago,1
3689,Renata Ramsini,Renata,Ramsini,1
369,Lauren Mcmillan,Lauren,Mcmillan,1
3690,Cosme Dominguez,Cosme,Dominguez,1
3691,Golden Sheard,Golden,Sheard,1
3692,Patsy Ayala,Patsy,Ayala,1
3693,Sunny Yoon,Sunny,Yoon,1
3694,Semija Del Olmo,Semija,Del Olmo,1
370,Rita Ohaya,Rita,Ohaya,1
371,Darlene Williams,Darlene,Williams,1
372,Violeta Aguilos,Violeta,Aguilos,1
373,Renita Anderson,Renita,Anderson,1
374,Bud Boyd,Bud,Boyd,1
375,Miguel Cabral,Miguel,Cabral,1
376,Elizabeth Garcia,Elizabeth,Garcia,1
377,Marco Garcia,Marco,Garcia,1
378,Paula Jurado,Paula,Jurado,1
379,Irma Licea,Irma,Licea,1
380,Miriam Long,Miriam,Long,1
381,Olga Lopez,Olga,Lopez,1
382,Judy Nguyen,Judy,Nguyen,1
383,Ramon Ortiz,Ramon,Ortiz,1
384,Linda Perryman,Linda,Perryman,1
385,Olivia Segura,Olivia,Segura,1
386,Tashai Smith,Tashai,Smith,1
387,Sonya Smith,Sonya,Smith,1
388,Marisela Villar,Marisela,Villar,1
389,Wendy White,Wendy,White,1
390,Shirley Wong,Shirley,Wong,1
391,Linda Wright,Linda,Wright,1
392,Nareh Nazary,Nareh,Nazary,1
393,Dana Tinio,Dana,Tinio,1
394,Greg Angelo,Greg,Angelo,1
395,Linnea Berg,Linnea,Berg,1
396,Nelia Custodio,Nelia,Custodio,1
397,Richard Darby,Richard,Darby,1
398,Alexander Kalamaros,Alexander,Kalamaros,1
399,Dave Means,Dave,Means,1
400,Kenneth Pratt,Kenneth,Pratt,1
401,Vivian Rescalvo,Vivian,Rescalvo,1
402,Xin Tong,Xin,Tong,1
403,Shahrzad Amiri,Shahrzad,Amiri,1
404,Kevin Chan,Kevin,Chan,1
405,Kathleen Mccune,Kathleen,Mccune,1
406,Erin Smith,Erin,Smith,1
407,James Kenan,James,Kenan,1
408,Ronald Schwartz,Ronald,Schwartz,1
410,Maritza Romero,Maritza,Romero,1
411,Stephanie Burke,Stephanie,Burke,1
412,Benjamin Alcazar,Benjamin,Alcazar,1
413,Gabriela Garcia,Gabriela,Garcia,1
414,Giovanna Gogreve,Giovanna,Gogreve,1
415,Linda Hoos,Linda,Hoos,1
416,Daniel Levy,Daniel,Levy,1
417,Cinthya Lupian,Cinthya,Lupian,1
418,Yvonne Price,Yvonne,Price,1
419,Jesus Segovia,Jesus,Segovia,1
420,Barbara Thomasson,Barbara,Thomasson,1
421,Jonaura Wisdom,Jonaura,Wisdom,1
422,Kate Amissah,Kate,Amissah,1
423,Jay Fuhrman,Jay,Fuhrman,1
424,Cheryl Hill,Cheryl,Hill,1
425,Dan Mahgerefteh,Dan,Mahgerefteh,1
426,Ayokunle Ogunrinde,Ayokunle,Ogunrinde,1
427,Don Sepulveda,Don,Sepulveda,1
428,Brendan Adams,Brendan,Adams,1
429,Josephine Holguin,Josephine,Holguin,1
430,Judy Loera,Judy,Loera,1
431,Myrtle Shott,Myrtle,Shott,1
432,Rachael Aguirre,Rachael,Aguirre,1
433,Judith Baxter,Judith,Baxter,1
434,Robert Chavez,Robert,Chavez,1
435,Gabriela De Leon,Gabriela,De Leon,1
436,Steven Espinoza,Steven,Espinoza,1
437,Rosalina Castrellon-Hernandez,Rosalina,Castrellon-Hernandez,1
438,Barbarita Lorenzo,Barbarita,Lorenzo,1
439,Esther Reed-Murphy,Esther,Reed-Murphy,1
440,Alonso Silva,Alonso,Silva,1
441,Inez Tarver,Inez,Tarver,1
442,Kimberlee Vandenakker,Kimberlee,Vandenakker,1
443,Timothy Wykert,Timothy,Wykert,1
444,Christian Brown,Christian,Brown,1
445,David Laferriere,David,Laferriere,1
446,Jeffrey Lopez,Jeffrey,Lopez,1
447,Carolina Sanchez,Carolina,Sanchez,1
448,Mimi Htut,Mimi,Htut,1
449,Phillip Yao,Phillip,Yao,1
450,Jorge Garcia,Jorge,Garcia,1
451,Jaime Saucedo,Jaime,Saucedo,1
452,Sherie Ayers,Sherie,Ayers,1
453,Eugene Hargreaves,Eugene,Hargreaves,1
454,Victor Chee,Victor,Chee,1
455,Kevin Grant,Kevin,Grant,1
456,Wilfredo Atienza,Wilfredo,Atienza,1
457,Erlinda Bisquera,Erlinda,Bisquera,1
458,Muriel Blake,Muriel,Blake,1
459,Shanakay Brandford,Shanakay,Brandford,1
460,Lizzette Espinoza,Lizzette,Espinoza,1
461,Laura Gomez Fuentes,Laura,Gomez Fuentes,1
462,Rene Monteilh,Rene,Monteilh,1
463,Yvette Suarez,Yvette,Suarez,1
464,James Butler,James,Butler,1
465,Diana Estrada,Diana,Estrada,1
466,Jane Gachucha,Jane,Gachucha,1
467,Jee Kim,Jee,Kim,1
468,Kathy Knox,Kathy,Knox,1
469,Ismael Rivera,Ismael,Rivera,1
470,Michael Means,Michael,Means,1
471,Vache Minasyan,Vache,Minasyan,1
472,Barry Aboltin,Barry,Aboltin,1
473,Tinh Quach,Tinh,Quach,1
474,Sandra Sandoval,Sandra,Sandoval,1
475,Brandon Wong,Brandon,Wong,1
476,Aldon Bordenave,Aldon,Bordenave,1
477,Scott Norwood,Scott,Norwood,1
478,Taylor Watanabe,Taylor,Watanabe,1
479,Nancy M. Saravia,Nancy,Alberto Saravia,1
480,Diane Corral-Lopez,Diane,Corral-Lopez,1
481,Latanya Darton,Latanya,Darton,1
482,Michel'Le Davis,Michel'Le,Davis,1
483,Diane Ponce,Diane,Ponce,1
484,Gary Shiroishi,Gary,Shiroishi,1
485,Kimberly Yu,Kimberly,Yu,1
486,Gregory Brown,Gregory,Brown,1
487,Jason Gravitch,Jason,Gravitch,1
488,Anastasia Helfer,Anastasia,Helfer,1
489,Yosmar Jaime,Yosmar,Jaime,1
490,Porcsha Johnson,Porcsha,Johnson,1
491,Alexis Murillo Felix,Alexis,Murillo Felix,1
492,Jessica Nottingham,Jessica,Nottingham,1
493,Charles Adams,Charles,Adams,1
494,Mauro Arteaga,Mauro,Arteaga,1
495,Cynthia Chin-Pak,Cynthia,Chin-Pak,1
496,Eric Fukui,Eric,Fukui,1
497,Kyle Holland,Kyle,Holland,1
498,Andy Ly,Andy,Ly,1
499,Rosemary Moon,Rosemary,Moon,1
500,Robin O'Hara,Robin,O'Hara,1
501,Monique Pe,Monique,Pe,1
502,Gabriela Saravia,Gabriela,Saravia,0
503,Cary Stevens,Cary,Stevens,1
504,David Sutton,David,Sutton,1
505,Greg Wasz,Greg,Wasz,1
506,Simon Wong,Simon,Wong,1
507,Edith Youngblood,Edith,Youngblood,1
508,Richard Hunt,Richard,Hunt,1
509,Jade Wollman,Jade,Wollman,1
510,Russell Bradshaw,Russell,Bradshaw,1
511,Jesus Montes,Jesus,Montes,1
512,Julio Rodriguez Morales,Julio,Rodriguez Morales,1
513,Steven Schupak,Steven,Schupak,1
514,Cop Tran,Cop,Tran,1
515,Annie Yang,Annie,Yang,1
516,Jason Yaw,Jason,Yaw,1
517,David Castro,David,Castro,1
518,Frank Ching,Frank,Ching,1
519,Stacie Endler,Stacie,Endler,1
520,Adelaida Felix,Adelaida,Felix,1
521,Joseph Attia,Joseph,Attia,1
522,Wael Finferanjen,Wael,Finferanjen,1
523,Joseph Iskander,Joseph,Iskander,1
524,Nizar Madanat,Nizar,Madanat,1
525,Tanh Ngo,Tanh,Ngo,1
526,Robin Blair,Robin,Blair,1
527,Wilson Chu,Wilson,Chu,1
528,Craig Clifton,Craig,Clifton,1
529,Dale Lanz,Dale,Lanz,1
530,Raymond Wilson,Raymond,Wilson,1
531,Vahram Shahgaldian,Vahram,Shahgaldian,1
532,Winston Buchanan,Winston,Buchanan,1
533,Jose Dagostino,Jose,Dagostino,1
534,Matthew Dake,Matthew,Dake,1
535,Gilbert Dayrit,Gilbert,Dayrit,1
536,Manuel Guerra,Manuel,Guerra,1
537,James Jimenez,James,Jimenez,1
538,Herbert Lewis,Herbert,Lewis,1
539,Travis Madison,Travis,Madison,1
540,Miguel Ramos,Miguel,Ramos,1
541,Frank Saldana,Frank,Saldana,1
542,Glenn Siaumau,Glenn,Siaumau,1
543,Roger Uhden,Roger,Uhden,1
544,Jon Alexander,Jon,Alexander,1
545,Jaclyn Luu,Jaclyn,Luu,1
546,Rolin Baker,Rolin,Baker,1
547,Michael Brewer,Michael,Brewer,1
548,Ha Chau,Ha,Chau,1
549,Stewart Chesler,Stewart,Chesler,1
550,Helen Cosner,Helen,Cosner,1
551,Hassan Fakhro,Hassan,Fakhro,1
552,Rogelio Gandara,Rogelio,Gandara,1
553,Scott Greene,Scott,Greene,1
554,Ruben Hernandez,Ruben,Hernandez,1
555,Gianpiero Leone,Gianpiero,Leone,1
556,Isaac Lim,Isaac,Lim,1
557,Martin Manssourian,Martin,Manssourian,1
558,Israel Marin,Israel,Marin,1
559,Agustin Moreno,Agustin,Moreno,1
560,Carole Nakano,Carole,Nakano,1
561,Jeffery Neely,Jeffery,Neely,1
562,Dan Nguyen,Dan,Nguyen,1
563,Scott Page,Scott,Page,1
564,Susan Phifer,Susan,Phifer,1
565,Michael Sieckert,Michael,Sieckert,1
566,Carol Silver,Carol,Silver,1
567,Athena Thai,Athena,Thai,1
568,Carl Torres,Carl,Torres,1
569,Peishan Wang,Peishan,Wang,1
570,Wayne Wassell,Wayne,Wassell,1
571,Dana Woodbury,Dana,Woodbury,1
572,Harmik Minassian,Harmik,Minassian,1
573,Pricila Hidalgo,Pricila,Hidalgo,1
574,Arturo Ramirez,Arturo,Ramirez,1
575,Mark Arroyo,Mark,Arroyo,1
576,Michael Delcastillo,Michael,Delcastillo,1
577,Barbara Gonzalez,Barbara,Gonzalez,1
578,Paul Taylor,Paul,Taylor,1
579,Gregorio Valdivia,Gregorio,Valdivia,1
580,Malcolm Watkins,Malcolm,Watkins,1
581,Sharif Ford,Sharif,Ford,1
582,Cynthia Karpman,Cynthia,Karpman,1
583,Tonia Zanders,Tonia,Zanders,1
584,Karla Aleman,Karla,Aleman,1
585,Catherine Graham,Catherine,Graham,1
586,Demetrius Jones,Demetrius,Jones,1
587,Dilraj Thandi,Dilraj,Thandi,1
588,Michael Turk,Michael,Turk,1
589,Regina Bird,Regina,Bird,1
590,Charlene Carr,Charlene,Carr,1
591,Keith Green,Keith,Green,1
592,Patsy Goens,Patsy,Goens,1
593,Cheryl Brown,Cheryl,Brown,1
594,Barbara Harris,Barbara,Harris,1
595,Barbara Maycott,Barbara,Maycott,1
596,Karl Williams,Karl,Williams,1
597,Andrew Carrasco,Andrew,Carrasco,1
598,Donald Mckenzie,Donald,Mckenzie,1
599,Gary Spivack,Gary,Spivack,1
600,David Castillo,David,Castillo,1
601,Laurence Cosner,Laurence,Cosner,1
602,Sharika Foster,Sharika,Foster,1
603,Guillermo Goytia,Guillermo,Goytia,1
604,Peter Mellon,Peter,Mellon,1
605,Shannon Anderson,Shannon,Anderson,1
606,Rosa Graciano,Rosa,Graciano,1
607,Sonja Owens,Sonja,Owens,1
608,Dilbag Sandhu,Dilbag,Sandhu,1
609,Scott Walter,Scott,Walter,1
610,William Hesser,William,Hesser,1
611,Lorene Kelley,Lorene,Kelley,1
612,Maria Reynolds,Maria,Reynolds,1
613,Joanna Ricci,Joanna,Ricci,1
614,William Marshall,William,Marshall,1
615,Thomas Mattocks,Thomas,Mattocks,1
616,Lilia Montoya,Lilia,Montoya,1
617,Sherry Walker,Sherry,Walker,1
618,Miguel Cerda,Miguel,Cerda,1
619,Donald Delay,Donald,Delay,1
620,Anthony Jaramillo,Anthony,Jaramillo,1
621,Keyawna Mitchell,Keyawna,Mitchell,1
622,Nadine Triche-Williams,Nadine,Triche-Williams,1
623,Adriana Hernandez,Adriana,Hernandez,1
624,Patricia Alexander,Patricia,Alexander,1
625,Jackie Anderson,Jackie,Anderson,1
626,Robert Castanon,Robert,Castanon,1
627,Kathy Drayton,Kathy,Drayton,1
628,Daniel Dzyacky,Daniel,Dzyacky,1
629,Diane Frazier,Diane,Frazier,1
630,Robert Holland,Robert,Holland,1
631,Jonathon Leifer,Jonathon,Leifer,1
632,Stephen Rank,Stephen,Rank,1
633,Stephen Tu,Stephen,Tu,1
634,James Woodson,James,Woodson,1
635,Daniel Ybanez,Daniel,Ybanez,1
636,Jesse Cantu,Jesse,Cantu,1
637,Rodney Edgley,Rodney,Edgley,1
638,Jorge Galvan,Jorge,Galvan,1
639,Francisca Montes-Jurado,Francisca,Montes-Jurado,1
640,Vincent Franco,Vincent,Franco,1
641,Shahin Mastian,Shahin,Mastian,1
642,Anthony Salcido,Anthony,Salcido,1
643,Vincent Wilkes,Vincent,Wilkes,1
644,Arnold Huntley,Arnold,Huntley,1
645,Peter Hale,Peter,Hale,1
646,Crystal Mohsin,Crystal,Mohsin,1
647,Jaquenette Terry,Jaquenette,Terry,1
648,Theresa Arslanian,Theresa,Arslanian,1
649,Monica Caldas,Monica,Caldas,1
650,Antonio Chavira,Antonio,Chavira,1
651,Susan Corral,Susan,Corral,1
652,Evelina Del Castillo,Evelina,Del Castillo,1
653,Alessandro Di Nuzzo,Alessandro,Di Nuzzo,1
654,Donell Harris,Donell,Harris,1
655,Steven Jaffe,Steven,Jaffe,1
656,Nisarat Kotchasak,Nisarat,Kotchasak,1
657,Kathy Lau,Kathy,Lau,1
658,Carley Markovitz,Carley,Markovitz,1
659,Elizabeth Palacios,Elizabeth,Palacios,1
660,Linda Reed,Linda,Reed,1
661,John Roberts,John,Roberts,1
662,Michael Singer,Michael,Singer,1
663,Josephine Sunga,Josephine,Sunga,1
664,Bernardo Vasquez,Bernardo,Vasquez,1
665,Kwesi Annan,Kwesi,Annan,1
666,King Chang,King,Chang,1
667,John Drayton,John,Drayton,1
668,Philip Rabottini,Philip,Rabottini,1
669,Jennifer Cauich,Jennifer,Cauich,1
670,Sean Inkelaar-Cruz,Sean,Inkelaar-Cruz,1
671,Robert Kopelk,Robert,Kopelk,1
672,Kenneth Coleman,Kenneth,Coleman,1
673,Iain Fairweather,Iain,Fairweather,1
674,Kali Fogel,Kali,Fogel,1
675,Zachary Granat,Zachary,Granat,1
676,Ana Mejia,Ana,Mejia,1
677,Melissa Park,Melissa,Park,1
678,John Takahashi,John,Takahashi,1
679,Philbert Wong,Philbert,Wong,1
680,Erin Hagadorn,Erin,Hagadorn,1
681,Erick Torres,Erick,Torres,1
682,Emil Ibrahim,Emil,Ibrahim,1
683,Michael Lozano,Michael,Lozano,1
684,John Petres,John,Petres,1
685,Daniel Quigg,Daniel,Quigg,1
686,Armando Rodriguez Villegas,Armando,Rodriguez Villegas,1
687,Amy Romero,Amy,Romero,1
688,Harold Torres,Harold,Torres,1
689,Lena Babayan,Lena,Babayan,1
690,Brady Branstetter,Brady,Branstetter,1
691,Thomas Sambolich,Thomas,Sambolich,1
692,Kevin Sechler,Kevin,Sechler,1
693,Marco Pedemonte,Marco,Pedemonte,1
694,Bruce Ramsey,Bruce,Ramsey,1
695,Robert Cavazos,Robert,Cavazos,1
696,Patrick Orr,Patrick,Orr,1
697,Henry Herpers,Henry,Herpers,1
698,Nolan Robertson,Nolan,Robertson,1
699,Marisol Cabral,Marisol,Cabral,1
700,Christopher Lamp,Christopher,Lamp,1
701,Alma Rivera,Alma,Rivera,1
702,Lew Yonemoto,Lew,Yonemoto,1
703,Edward Castillo,Edward,Castillo,1
704,George Del Valle,George,Del Valle,1
705,Cathy Rosas,Cathy,Rosas,1
706,Adam Chavez,Adam,Chavez,1
707,David Daniels,David,Daniels,1
708,John Mcbryan,John,Mcbryan,1
709,William Roebuck,William,Roebuck,1
710,Mattie Jones Hopes,Mattie,Jones Hopes,1
711,Peter Serdienis,Peter,Serdienis,1
712,Richard Famighetti,Richard,Famighetti,1
713,Oscar Flores,Oscar,Flores,1
714,Michael Gallegos,Michael,Gallegos,1
715,Hector Rojas,Hector,Rojas,1
716,Barkev Tatevosian,Barkev,Tatevosian,1
717,Timothy Howard,Timothy,Howard,1
718,Daniel Ramirez,Daniel,Ramirez,1
719,Gary Jolly,Gary,Jolly,1
720,Neal Robertson,Neal,Robertson,1
721,Steve Johnson,Steve,Johnson,1
722,Matthew Simoni,Matthew,Simoni,1
723,Francis Lonyai,Francis,Lonyai,1
724,Anthony Perez,Anthony,Perez,1
725,Derald Andrews,Derald,Andrews,1
726,Ronald Bowman,Ronald,Bowman,1
727,Reynaldo Couts,Reynaldo,Couts,1
728,Thomas Cowan,Thomas,Cowan,1
729,Carlos Hernandez,Carlos,Hernandez,1
730,Miriam Pereira,Miriam,Pereira,1
731,Valerie Sifuentes,Valerie,Sifuentes,1
732,Mary Square,Mary,Square,1
733,Frank Alejandro,Frank,Alejandro,1
734,Filipe Aveiro,Filipe,Aveiro,1
735,Martin Batistelli,Martin,Batistelli,1
736,Leonid Bukhin,Leonid,Bukhin,1
737,Noel Castellanos,Noel,Castellanos,1
738,David Chu,David,Chu,1
739,Fernando Di Zitti,Fernando,Di Zitti,1
740,Brandon Farley,Brandon,Farley,1
741,Robert Fischer,Robert,Fischer,1
742,Hector Guerrero,Hector,Guerrero,1
743,Michael Harris Gifford,Michael,Harris Gifford,1
744,Thomas Jasmin,Thomas,Jasmin,1
745,Armando Jimenez,Armando,Jimenez,1
746,Fg Wyman Jones,Fg Wyman,Jones,1
747,Randall Lamm,Randall,Lamm,1
748,Glenn Lee,Glenn,Lee,1
749,Stephen Lino,Stephen,Lino,1
750,Denise Longley,Denise,Longley,1
751,Richard Lozano,Richard,Lozano,1
752,Geyner Paz,Geyner,Paz,1
753,Patrick Preusser,Patrick,Preusser,1
754,Michael Quant,Michael,Quant,1
755,Sayed Rasoul,Sayed,Rasoul,1
756,Bruce Shelburne,Bruce,Shelburne,1
757,Stephen Toms,Stephen,Toms,1
758,Glendora Walker,Glendora,Walker,1
759,Jim Yang,Jim,Yang,1
760,Kelvin Zan,Kelvin,Zan,1
761,Aderemi Omotayo,Aderemi,Omotayo,1
762,Roger Largaespada,Roger,Largaespada,1
763,Claire Reyes,Claire,Reyes,1
764,Rachel Bird,Rachel,Bird,1
765,Christopher Limon,Christopher,Limon,1
766,Steve Mendoza,Steve,Mendoza,1
767,Ricardo Moran,Ricardo,Moran,1
768,Paul Squires,Paul,Squires,1
769,Bobby Vandiver,Bobby,Vandiver,1
770,David Black,David,Black,1
771,Winston Dixon,Winston,Dixon,1
772,Kevin Curtis,Kevin,Curtis,1
773,Yaminah Meza,Yaminah,Meza,1
774,Michael Wong,Michael,Wong,1
775,Sascha Lynch,Sascha,Lynch,1
776,Zsa Zsa Bates,Zsa Zsa,Bates,1
777,Renee Hill,Renee,Hill,1
778,Frank Hooks,Frank,Hooks,1
779,Chol Kim,Chol,Kim,1
780,Victor Robertson,Victor,Robertson,1
781,Raul Rodarte,Raul,Rodarte,1
782,John Sanchez,John,Sanchez,1
783,Linda Leone,Linda,Leone,1
784,Cindy Amaral,Cindy,Amaral,1
785,Blakeley Ficenec,Blakeley,Ficenec,1
786,Michael Ornelas,Michael,Ornelas,1
787,Brian Rydell,Brian,Rydell,1
788,Dennis Gibo,Dennis,Gibo,1
789,Hok Keung Kan,Hok Keung,Kan,1
790,Brian Mcneeley,Brian,Mcneeley,1
791,Manuel Precie,Manuel,Precie,1
792,Russell Homan,Russell,Homan,1
793,Edward Mcauley,Edward,Mcauley,1
794,Roman Alarcon,Roman,Alarcon,1
795,Michael Alexander,Michael,Alexander,1
796,Rita Woodson,Rita,Woodson,1
797,John Johnson,John,Johnson,1
798,Michael Moore,Michael,Moore,1
799,Jino Canizares,Jino,Canizares,1
800,Ming-Shan Chen,Ming-Shan,Chen,1
801,Alan Clark,Alan,Clark,1
802,Danh Duong,Danh,Duong,1
803,Matthew Kim,Matthew,Kim,1
804,Edward Lee,Edward,Lee,1
805,Andrew Phung,Andrew,Phung,1
806,Jose Vigil,Jose,Vigil,1
807,Charles Weissman,Charles,Weissman,1
808,Jeremiah Whelan,Jeremiah,Whelan,1
810,Bradford Mcallester,Bradford,Mcallester,1
811,Mercedes Meneses,Mercedes,Meneses,1
812,Lori Abrishami,Lori,Abrishami,1
813,Stacy Alameida,Stacy,Alameida,1
814,Robert Calix,Robert,Calix,1
815,Heather Hills,Heather,Hills,1
816,Steven Lee,Steven,Lee,1
817,David Lor,David,Lor,1
818,Rena Lum,Rena,Lum,1
819,Doreen Morrissey,Doreen,Morrissey,1
820,Xi Han,Xi,Han,1
821,Bin Mo,Bin,Mo,1
822,Paul Burke,Paul,Burke,1
823,Chaushie Chu,Chaushie,Chu,1
824,Robert Farley,Robert,Farley,1
825,Falan Guan,Falan,Guan,1
826,John Stesney,John,Stesney,1
827,Lihong Zhang,Lihong,Zhang,1
828,Ying Zhu,Ying,Zhu,1
829,John Green,John,Green,1
830,Andrew Stricklin,Andrew,Stricklin,1
831,Anel Albarran,Anel,Albarran,1
832,Martha Butler,Martha,Butler,1
833,Scott Hartwell,Scott,Hartwell,1
834,Michael Richmai,Michael,Richmai,1
835,John Gabig,John,Gabig,1
836,Diego Cardoso,Diego,Cardoso,1
837,Renee Berlin,Renee,Berlin,1
838,Carrie Johnson-Bradford,Carrie,Johnson-Bradford,1
839,David Mieger,David,Mieger,1
840,Andrew Kao,Andrew,Kao,1
841,Brett Thomas,Brett,Thomas,1
842,Eric Carlson,Eric,Carlson,1
843,Anthony Jusay,Anthony,Jusay,1
844,Desiree Rabinov,Desiree,Rabinov,1
845,Dolores Roybal Saltarelli,Dolores,Roybal Saltarelli,1
846,Julia Salinas (Plan.),Julia,Salinas (Plan.),1
847,Avital Shavit,Avital,Shavit,1
848,Basilia Yim,Basilia,Yim,1
849,Gary Byrne,Gary,Byrne,1
850,Cassandra Gogreve,Cassandra,Gogreve,1
851,Aliya Popatia,Aliya,Popatia,1
852,Rachelle Andrews,Rachelle,Andrews,1
853,Susan Chivaratanond,Susan,Chivaratanond,1
854,Nicholas Saponara,Nicholas,Saponara,1
855,Joseph Zelmer,Joseph,Zelmer,1
856,Rohini Banskota,Rohini,Banskota,1
857,Neha Chawla,Neha,Chawla,1
858,Clare Kelley,Clare,Kelley,1
859,Katherine Lemmon,Katherine,Lemmon,1
860,Jacob Lieb,Jacob,Lieb,1
861,Steven Mateer,Steven,Mateer,1
862,Meghmik Babakhanian,Meghmik,Babakhanian,1
863,Lance Macniven,Lance,Macniven,1
864,Steven Brye,Steven,Brye,1
865,Walter Davis,Walter,Davis,1
866,Ryan Greenway,Ryan,Greenway,1
867,Meghna Khanna,Meghna,Khanna,1
868,Eugene Kim,Eugene,Kim,1
869,Roger Martin,Roger,Martin,1
870,Alex Moosavi,Alex,Moosavi,1
871,Maressa Sah,Maressa,Sah,1
872,Lisette Covarrubias,Lisette,Covarrubias,1
873,Jingyi Fan,Jingyi,Fan,1
874,Zachary Riley,Zachary,Riley,1
875,Janna Smith,Janna,Smith,1
876,Laura Cornejo,Laura,Cornejo,1
877,Silva Mardrussian,Silva,Mardrussian,1
878,Tham Nguyen,Tham,Nguyen,1
879,Alice Tolar,Alice,Tolar,1
880,Caitlin Shankle,Caitlin,Shankle,1
881,Jacki Bacharach,Jacki,Bacharach,1
882,Fulgene Asuncion,Fulgene,Asuncion,1
883,Dana Jones,Dana,Jones,1
884,Brian Lam,Brian,Lam,1
885,Fanny Pan,Fanny,Pan,1
886,Teresa Wong,Teresa,Wong,1
887,Mary Lou Dudas,Mary Lou,Dudas,1
888,David Yale,David,Yale,1
889,Andrew Esmailian,Andrew,Esmailian,1
890,Janet Garcia,Janet,Garcia,1
891,Justine Anne Pascual,Justine Anne,Pascual,1
892,Shelly Quan,Shelly,Quan,1
893,Alake Shilling,Alake,Shilling,1
894,Gloria Anderson,Gloria,Anderson,1
895,Patricia Chen,Patricia,Chen,1
896,San-Jung Cheng,San-Jung,Cheng,1
897,Jeeseong Chung,Jeeseong,Chung,1
898,Shirley Glover,Shirley,Glover,1
899,Erina Hong,Erina,Hong,1
900,Mona Jones,Mona,Jones,1
901,Philip Kamhi,Philip,Kamhi,1
902,Nancy Marroquin,Nancy,Marroquin,1
903,Toye Oyewole,Toye,Oyewole,1
904,William Ridder,William,Ridder,1
905,Kathleen Sanchez,Kathleen,Sanchez,1
906,Linda Tam,Linda,Tam,1
907,Priscilla Appiah,Priscilla,Appiah,1
908,Anish Korula,Anish,Korula,1
909,Jacqueline Lugo,Jacqueline,Lugo,1
910,Chelsea Simandle,Chelsea,Simandle,1
911,Jonathan Acuna,Jonathan,Acuna,1
912,Thuy Ngan Adams,Thuy Ngan,Adams,1
913,Parvaneh Ahmadi,Parvaneh,Ahmadi,1
914,Laura Almeda,Laura,Almeda,1
915,Anthony Amador,Anthony,Amador,1
916,Rufus Cayetano,Rufus,Cayetano,1
917,Kelly Lyn Hines,Kelly Lyn,Hines,1
918,Kathryn Jackson,Kathryn,Jackson,1
919,Beverly Levi Dagan,Beverly,Levi Dagan,1
920,Susan Richan,Susan,Richan,1
921,Armineh Saint,Armineh,Saint,1
922,Irvin Sims,Irvin,Sims,1
923,Carlos Vendiola,Carlos,Vendiola,1
924,Richard Christie,Richard,Christie,1
925,James Allen,James,Allen,1
926,Kathy Banh,Kathy,Banh,1
927,Marinela Fernando-De Castro,Marinela,Fernando-De Castro,1
928,Frank Flores,Frank,Flores,1
929,Ashad Hamideh,Ashad,Hamideh,1
930,Rufina Juarez,Rufina,Juarez,1
931,Vincent Lorenzo,Vincent,Lorenzo,1
932,Nathan Maddox,Nathan,Maddox,1
933,Emma Nogales,Emma,Nogales,1
934,Diego Ramirez,Diego,Ramirez,1
935,Cosette Stark,Cosette,Stark,1
936,Vanessa Ward,Vanessa,Ward,1
937,Kalieh Honish,Kalieh,Honish,1
938,Mark Linsenmayer,Mark,Linsenmayer,1
939,Matthew Kridler,Matthew,Kridler,1
940,Karen Varela,Karen,Varela,1
941,Jeffrey Boberg,Jeffrey,Boberg,1
942,Calvin Hollis,Calvin,Hollis,1
943,Annette Mendoza,Annette,Mendoza,1
944,Marie Sullivan,Marie,Sullivan,1
945,Tara Worden,Tara,Worden,1
946,Elizabeth Carvajal,Elizabeth,Carvajal,1
947,Diana Gonzalez Gonzalez,Diana,Gonzalez Gonzalez,1
948,Jenna Hornstock,Jenna,Hornstock,1
949,John Moreau,John,Moreau,1
950,Jonathan Silva,Jonathan,Silva,1
951,Aaron Voorhees,Aaron,Voorhees,1
952,Jami Carrington,Jami,Carrington,1
953,Maria Carvajal-Paez,Maria,Carvajal-Paez,1
954,Kevin Holliday,Kevin,Holliday,1
955,Valerie Rader,Valerie,Rader,1
956,Daryl Chesonis,Daryl,Chesonis,1
957,Gurcharan Sidhu,Gurcharan,Sidhu,1
958,Daniel Anderson,Daniel,Anderson,1
959,Cleavon Govan,Cleavon,Govan,1
960,Moises Hernandez-Duran,Moises,Hernandez-Duran,1
961,Shrota Sharma,Shrota,Sharma,1
962,Bashar Subeh,Bashar,Subeh,1
963,Edward Alegre,Edward,Alegre,1
964,Adrian Alvarez,Adrian,Alvarez,1
965,Aziz Elattar,Aziz,Elattar,1
966,Steven Gota,Steven,Gota,1
967,Gloria Guerra,Gloria,Guerra,1
968,Reinland Jones,Reinland,Jones,1
969,Benkin Jong,Benkin,Jong,1
970,William Lamborn,William,Lamborn,1
971,Brian Lin,Brian,Lin,1
972,Roberto Machuca,Roberto,Machuca,1
973,Eva Pan Moon,Eva,Pan Moon,1
974,Isidro Panuco,Isidro,Panuco,1
975,Michelle Smith,Michelle,Smith,1
976,Daniel Chuong,Daniel,Chuong,1
977,Jonathan Moreno,Jonathan,Moreno,1
978,Ernesto Chaves,Ernesto,Chaves,1
979,Yuanpeir Gau,Yuanpeir,Gau,1
980,Gregg Magaziner,Gregg,Magaziner,1
981,Lucy Delgadillo,Lucy,Delgadillo,1
982,Ilda Licon,Ilda,Licon,1
983,Gabriela Bautista-Castro,Gabriela,Bautista-Castro,1
984,Bianca Guzman,Bianca,Guzman,1
985,Victor Lam,Victor,Lam,1
986,Corazon Arellano,Corazon,Arellano,1
987,Ray Ignatius Chio,Ray Ignatius,Chio,1
988,Iok Chong,Iok,Chong,1
989,Anita Chua,Anita,Chua,1
990,Tyrone Crump,Tyrone,Crump,1
991,Teresita Dauigoy,Teresita,Dauigoy,1
992,Romerica Eller,Romerica,Eller,1
993,Luz Garcia,Luz,Garcia,1
994,Maribeth Garcia,Maribeth,Garcia,1
995,Rosa Garcia-Gonzalez,Rosa,Garcia-Gonzalez,1
996,Juliet Glindro,Juliet,Glindro,1
997,Marilou Guarino,Marilou,Guarino,1
998,Eric Herrera,Eric,Herrera,1
999,Cynthia Jimerson,Cynthia,Jimerson,1
