file,passed,item,lead,coauthors,asked_report,due,recurring,days_overdue,status,responses,first_response_days,title,note
2026-0688,2026-09-24,27,Bass,Yaroslavsky; Padilla; Butts; Solis; Horvath,yes,2027-01-22,no,,Waiting,,,"APPROVE Motion by Bass, Yaroslavsky, Padilla, Butts, Solis, and Horvath to direct the CEO to: A. ENSURE the following criteria will be applied when evaluating the grant applications for Open Streets events held in FY 2027 between January 2027 - July 2028; 1. Establish a maximum grant amount of $250,000, while maintaining the existing minimum local match requirement; 2. A minimum of 3 consecutive m",
2026-0690,2026-09-24,23,Yaroslavsky,Bass; Padilla; Mitchell; Horvath,yes,2026-12-23,no,,Waiting,,,"APPROVE Motion by Yaroslavsky, Bass, Padilla, Mitchell, and Horvath to direct the Chief Executive Officer, in consultation with any relevant County or City of Los Angeles departments, to: A. EVALUATE the feasibility of temporary advertising on construction walls or solid fencing at one Metro-owned property within the City of Los Angeles, including but not limited to the Metro-owned lots on (1) the",
2026-0689,2026-09-24,29,Bass,Dupont-Walker; Richardson; Mitchell; Solis; Sandoval,yes,2026-12-23,no,,Waiting,,,"APPROVE Motion by Bass, Dupont-Walker, Richardson, Mitchell, Solis and Sandoval to direct the CEO to: A. DEVELOP a plan to increase participation in Metro’s subsidized fare and fareless programs by at least 30 percent, including the LIFE Program, GoPass, U-Pass, the Employer Program and all existing programs that provide free or reduced-cost transit to eligible riders. The plan should include stra",
2026-0554,2026-07-23,55,Bass,Najarian; Barger; Dupont-Walker,yes,,no,,No report found,,,"APPROVE Motion by Bass, Najarian, Barger, and Dupont-Walker that the Board adopt the following amended alternative: Amend Alternative D as follows: A. The BOS will determine the structure for designating the five County seats on the Metro Board of Directors. Once the elected Los Angeles County CEO position is seated through Measure G, the BOS would have the flexibility to designate the CEO as one ",
2026-0553,2026-07-23,56,Hahn,Richardson; Sandoval,yes,,no,,No report found,,,"APPROVE Motion by Hahn, Richardson, and Sandoval that the Board directs the Chief Executive Officer to further amend alternative D to: A. ESTABLISH a minimum of one (1) additional voting seat(s) on the Metro Board of Directors for a regular transit rider. 1. Coordinate with Metro’s community advisory councils, community-based organizations, and other stakeholder groups to develop a transparent, in",
2026-0521,2026-07-23,50,Hahn,Bass; Richardson,no,,no,,Direct action,,,"APPROVE Motion by Hahn, Bass, and Richardson that the Board direct the Chief Executive Officer to convene regional partners, including Metro, the County of Los Angeles, the City of Los Angeles, the City of Long Beach to: A. Determine each agency’s willingness to participate in funding the implementation and operation of the San Pedro-Long Beach water taxi service; B. Develop a proposed cost-sharin",
2026-0416,2026-05-28,46,Bass,Solis; Horvath; Hahn; Padilla,no,,no,,Direct action,,,"APPROVE Motion by Bass, Solis, Horvath, Hahn, and Padilla that the Board directs the Chief Executive Officer or her designee to: Enter into all necessary agreements and subsequent amendments with the County of Los Angeles, the LACFCD, and/or the City of Los Angeles to carry out the LA River Path Governance Model Study, and to fully reimburse the County of Los Angeles, the LACFCD, and/or the City o",
2026-0299,2026-04-23,9,Padilla,Dutra; Bass; Horvath; Dupont-Walker; Yaroslavsky,yes,,no,,No report found,,,"APPROVE Motion by Padilla, Dutra, Bass, Horvath, Dupont-Walker, and Yaroslavsky that the Board direct the Chief Executive Officer to: A. Establish Van Nuys as a major regional transit hub connecting the G Line, the East San Fernando Valley Light Rail Project, and the Sepulveda Transit Corridor, recognizing that the G Line and ESFV designs are locked and that the Sepulveda Transit Corridor, particu",
2026-0297,2026-04-23,8,Padilla,Dutra; Bass; Horvath; Dupont-Walker; Yaroslavsky,yes,2026-10-20,no,,Waiting,,,"APPROVE Motion by Padilla, Dutra, Bass, Horvath, Dupont-Walker, and Yaroslavsky that the Board direct the Chief Executive Officer to: A. Evaluate current and projected demand for in-person customer service in the San Fernando Valley, including reduced fare applications, TAP card services, lost and found, and fare media purchases, with particular attention to underserved and transit-dependent commu",
2026-0232,2026-03-26,26,Dutra,Sandoval; Najarian; Horvath; Yaroslavsky; Dupont-Walker,yes,2026-07-28,yes,70,Overdue,,,"APPROVE Motion by Dutra, Sandoval, Najarian, Horvath, Yaroslavsky, and Dupont-Walker that the Board direct the Chief Executive Officer to return to the Board with a comprehensive P3 and Innovative Financing Strategy and Implementation Roadmap Plan with an initial report in July 2026 that includes a status on: A. Engaging the private sector to gauge industry interest and conditions needed for succe",
2026-0233,2026-03-26,19,Yaroslavsky,Bass; Dutra; Sandoval; Solis,yes,2026-09-22,yes,14,Overdue,,,"APPROVE Motion by Yaroslavsky, Bass, Dutra, Sandoval, and Solis that the Board direct the Chief Executive Officer to report back within 180 days with a strategic framework for implementing a Metro Station Commercial District Strategy across the Metro system, positioning stations as active commercial hubs with retail, services, and mixed-use development integrated above, within, and adjacent to sta",
2026-0234,2026-03-26,27,Hahn,Dutra; Solis,yes,2026-09-28,no,8,Overdue,,,"APPROVE Motion by Hahn, Dutra, and Solis that the Metro Board direct the Chief Executive Officer to advance the following objectives pertaining to the Pico Rivera Regional Rail Station: A. Continue coordination with CAHSR to ensure that their Final EIR/EIS and/or Supplemental EIR/EIS of the LA-to-Anaheim Project Section reflects a local decision regarding the Commerce Metrolink Station relocation ",
2026-0035,2026-01-22,33.1,Dutra,Barger; Horvath; Padilla; Najarian; Dupont-Walker,yes,2026-03-23,no,,Responded,2026-0413 (2026-05-22),120,"APPROVE Motion by Dutra, Barger, Horvath, Padilla, Najarian, and Dupont-Walker that the Board direct the Chief Executive Officer to: A. A benchmarking analysis of peer transit agencies of comparable size, scope, and governance complexity, including a summary of each agency’s governing board composition, appointment or selection structure, voting authority, and any relevant statutory or local gover",
2026-0037,2026-01-22,11.1,Mitchell,Sandoval; Dupont-Walker; Butts,yes,,yes,,No report found,,,"APPROVE Motion by Mitchell, Sandoval, Dupont-Walker, and Butts that the Board direct the Chief Executive Officer to: A. APPROVE the Hawthorne Option, a 4.5-mile light rail line with two (2) stations that extends from the existing Redondo Beach (Marine) Station at its northern terminus along Hawthorne Boulevard before rejoining the Metro Right of Way south of 190th Street to its southern terminus s",
2026-0019,2026-01-14,7,Bass,Dutra; Solis; Najarian; Sandoval; Yaroslavsky,yes,2028-12-28,yes,,Responded,2026-0276 (2026-04-02),78,"APPROVE Motion by Bass, Dutra, Solis, Najarian, Sandoval, and Yaroslavsky that the Board direct the Chief Executive Officer to: A. Allow each local jurisdiction in L.A. County, at its sole discretion and upon its request, the option of reallocating Metro discretionary and non-discretionary funds, including but not limited to funds previously allocated by the Metro Board, such as the Call for Proje",
2025-1013,2025-12-04,9,Horvath,Najarian; Barger; Padilla,no,,no,,Direct action,,,"APPROVE Motion by Horvath, Najarian, Barger, and Padilla that the Board direct the Chief Executive Officer to: A. Assist in evaluating the Warner Center Micro Transit Pilot Program after six months and one year of operation, including but not limited to: 1. ridership; 2. operating costs (annual and per trip); and 3. a qualitative survey to determine commuter perspectives and preferences; and B. Up",
2025-1026,2025-12-04,18,Hahn,Bass; Dutra; Dupont-Walker; Butts; Sandoval,yes,2026-06-02,no,,Responded,2026-0456 (2026-06-03),181,"APPROVE Motion by Hahn, Bass, Dutra, Dupont-Walker, Butts, and Sandoval that the Board direct the Chief Executive Officer to: A. Develop and issue an industry engagement process (i.e. reverse pitch) to identify private and public operator interest, capabilities, and partnership opportunities to deliver a water-taxi service between San Pedro and Long Beach during the 2028 Games; B. Assess short-ter",
2025-0931,2025-10-23,10.1,Hahn,Dutra; Solis,no,,no,,Direct action,,,"APPROVE Motion by Hahn, Dutra and Solis that the Board direct the Chief Executive Officer to: A. Collaborate with BNSF to explore any other alternative solutions for rail storage that may have fewer impacts, while still meeting their operational needs; B. Convene meetings with BNSF and the City of Vernon to secure written commitments, where possible, that include: 1. Limiting future rail operation",
2025-0932,2025-10-23,26.1,Bass,Dupont-Walker; Solis; Padilla; Dutra; Mitchell,yes,2025-12-22,no,,Responded,2026-0273 (2026-04-01),160,"APPROVE Motion by Bass, Dupont-Walker, Solis, Padilla, Dutra, and Mitchell that the Board: A. Formally reaffirm its commitment to sustaining and expanding opportunities for Disadvantaged Business Enterprises (DBEs), Small Business Enterprises (SBEs), and other historically underrepresented firms, and to ensure Metro continues to advance economic equity; WE FURTHER MOVE that the Board direct the Ch",
2025-0598,2025-07-24,48,Barger,Horvath; Bass; Dutra; Solis; Hahn,yes,2026-01-28,no,,Responded,2026-0097 (2026-01-29),189,"APPROVE Motion by Barger, Horvath, Bass, Dutra, Solis, and Hahn that the Board direct the Chief Executive Officer to extend the program through January 2026, seek a Title VI waiver from the FTA to allow Metro to continue offering the modified LIFE enrollment benefit to wildfire survivors, and report back to the board in January 2026 with a 12-month summary of the program.",
2025-0546,2025-06-26,42,Hahn,Solis; Mitchell; Dupont-Walker; Sandoval; Bass,yes,2025-10-24,no,,Responded,2026-0722 (2026-09-22),453,"APPROVE Motion by Hahn, Solis, Mitchell, Dupont-Walker, Sandoval, and Bass that the Board direct the Chief Executive Officer to: A. Develop a proposal to partner with the Los Angeles Dodgers on opportunities for the organization to better support the Dodger Stadium Express, which may include, but is not limited to: 1. A per-ticket transit fee or contribution to help offset service costs; 2. A dedi",
2025-0556,2025-06-26,,Hahn,Solis; Mitchell; Horvath; Sandoval; Dutra,yes,,no,,No report found,,,"APPROVE Motion by Hahn, Solis, Mitchell, Horvath, Sandoval, and Dutra that the Board direct the Chief Executive Officer to: A. Develop an updated protocol for station closures ensures that service interruptions are implemented only when necessary, with clear, timely, and multilingual communication to minimize rider disruption and ensures safety. B. Promote Metro’s real-time alerts and encourage ri",
2025-0419,2025-05-22,17,Solis,Bass; Hahn; Yaroslavsky,no,,no,,Direct action,,,"APPROVE Motion By Solis, Bass, Hahn and Yaroslavsky that the Board adopts a position supporting the City of Los Angeles and the County of Los Angeles in their efforts to establish an Enhanced Infrastructure Financing District (EIFD) along portions of the project’s alignment. WE FURTHER MOVE that the Board directs the CEO to: A. At the commencement of the environmental review for the project direct",
2025-0418,2025-05-22,9,Hahn,Bass; Dutra; Dupont-Walker; Butts,yes,2025-08-20,no,,Responded,2025-0921 (2025-10-14),145,"APPROVE Motion by Hahn, Bass, Dutra, Dupont-Walker, and Butts that the Board direct the Chief Executive Officer to: A. Initiate conversation and coordination with Long Beach Transit and the Port of LA to assess existing services and explore the feasibility of establishing a water taxi service to connect San Pedro and Long Beach in preparation for the 2028 Summer Olympic and Paralympic Games. This ",
2025-0417,2025-05-22,8,Solis,Dupont-Walker; Hahn,yes,2025-09-19,no,,Responded,2025-0562 (2025-06-30); 2025-0678 (2025-08-11); 2026-0471 (2026-06-10),39,"APPROVE Motion by Solis, Dupont-Walker, and Hahn that the Board direct the Chief Executive Officer to: A. Work with the Los Angeles County Chief Executive Office, Los Angeles County Department of Parks and Recreation, Los Angeles County Department of Economic Opportunity, Los Angeles County Department of Arts and Culture, the City of Los Angeles and other local jurisdictions, and community-based o",
2025-0328,2025-04-24,32.1,Mitchell,Yaroslavsky; Dupont-Walker; Butts; Sandoval; Padilla,yes,2025-09-28,no,,Responded,2026-0258 (2026-04-01),342,"APPROVE Motion by Mitchell, Yaroslavsky, Dupont-Walker, Butts, Sandoval, and Padilla that the Board direct the Chief Executive Officer to: A. Develop and administer a survey no later than September 2025 that solicits feedback from individuals with autism and other developmental disabilities, including their families and caregivers, on how they ride public transit and ways to improve their transit ",Manual check: neurodiverse rider survey report says 'In response to Board Motion #32' (motion was item 32.1).
2025-0217,2025-03-27,29,Yaroslavsky,Bass; Dupont-Walker; Sandoval; Mitchell,yes,,yes,,Responded,2026-0322 (2026-04-20),389,"APPROVE Motion by Yaroslavsky, Bass, Dupont-Walker, Sandoval and Mitchell that the Board direct the Chief Executive Officer to: A. Create a pilot station activation program to help Metro reimagine and determine how to elevate the experience of our transit riders and the surrounding communities, using tools like farmers markets, cultural programming, vending, and community events and report back in",
2025-0237,2025-03-27,13.1,Horvath,Hahn; Dutra; Solis; Yaroslavsky,yes,2025-06-28,no,,Responded,2025-0268 (2025-04-07); 2025-0630 (2025-07-29); 2025-1012 (2025-11-14); 2026-0341 (2026-04-29),11,"APPROVE Motion by Horvath, Hahn, Dutra, Solis and Yaroslavsky that the Board direct the Chief Executive Officer to: A. expand the Cultural Competency Plan requirement to integrate Community Benefits and Workforce Equity components into RFP procurements, and identify mechanisms to embed workforce commitments, such as childcare accessibility, reliable transportation, supportive work environments and",
2025-0149,2025-02-27,14,Dutra,Najarian; Barger; Butts; Solis,no,,no,,Responded,2025-0479 (2025-05-27); 2025-0543 (2025-06-20),89,"APPROVE Motion by Directors Dutra, Najarian, Barger, Butts and Solis to direct the CEO to incorporate develop a standardized cost-benefit analysis framework, using USDOT analysis or a comparable methodology, for all Metro capital projects to help inform the agency’s a more data-driven and transparent decision-making process for projects Metro advances. This cost-benefit analysis framework should a",
2025-0132,2025-02-27,25,Hahn,Sandoval; Dupont-Walker,yes,2025-05-28,no,496,Overdue,,,"APPROVE Motion by Hahn, Sandoval and Dupont-Walker that the Board direct the Chief Executive Officer to report back in 90 days on how Metro is addressing, promoting and/or improving the following initiatives which were received as community feedback at the telephone town hall: A. Increased lighting throughout the system; B. Cleanliness on buses and trains; C. Timely elevator maintenance; D. Expans",
2025-0164,2025-02-27,39,Hahn,Barger; Solis; Bass; Dutra; Butts,yes,2025-06-28,yes,,Responded,2025-0288 (2025-04-10); 2025-0567 (2025-07-03),42,"APPROVE Motion by Directors Hahn, Barger, Solis, Bass, Dutra and Butts to direct the Chief Executive Officer to: A. Extend and expand the deployment of the “pillar-type” weapons detection system pilot for 12 months to additional key high-traffic transit stations to gather additional data on effectiveness, false positives, staffing needs, and any impacts to passenger experience; B. Conduct a 12-mon",
2025-0011,2025-01-23,23,Hahn,Solis; Dutra; Dupont-Walker,no,,no,,Direct action,,,"APPROVE Motion by Hahn, Solis, Dutra, and Dupont-Walker that the Board direct the Chief Executive Officer to: A. Rename the Metro station currently known as ""Long Beach Blvd"" to ""Lynwood Station,"" better representing the city of Lynwood and the surrounding neighborhoods that the station serves and fostering a connection between the Metro system and the local community; B. Notify the City of Lynwoo",
2025-0039,2025-01-23,36,Hahn,Barger; Horvath; Solis; Dutra; Bass,yes,2025-06-28,no,,Responded,2026-0097 (2026-01-29),371,"APPROVE Motion by Hahn, Barger, Horvath, Solis, Dutra and Bass that the Board direct the Chief Executive Officer to: A. Modify the eligibility criteria of all reduced fare programs to include individuals and families displaced by the wildfires for six months, with an option to extend the program as needed. The CEO shall report back to the board in June 2025 on the outcomes and impacts of this meas",
2024-0497,2024-07-25,49,Mitchell,Sandoval; Solis; Najarian; Dupont-Walker; Bass,yes,,no,,Responded,2024-1120 (2024-12-10),138,"APPROVE Motion by Mitchell, Sandoval, Solis, Najarian, Dupont-Walker, and Bass that the Board direct the Chief Executive Officer to: A. Include social benefit cards as fare media as part of Phase II account-based system launch of TAP Plus. If unable to implement as part of Phase II launch, report to the Board on reasons for the delay. B. Coordinate with relevant federal, state, and County agencies",
2024-0500,2024-07-25,46,Hahn,Barger; Horvath; Najarian; Butts; Yaroslavsky,yes,2024-10-28,no,708,Overdue,,,"APPROVE Motion by Hahn, Barger, Horvath, Najarian, Butts, and Yaroslavsky that the Board direct the Chief Executive Officer to report back by October 2024 on efforts to improve and/or replace the Metro Transit Watch App, including ways to: · Increase awareness of and access to the app on Metro buses and trains, · Improve user-friendliness for a more intuitive app; and · Elevate elements of the app",
2024-0499,2024-07-25,48,Mitchell,Bass; Dutra; Sandoval; Solis; Dupont-Walker,yes,2025-03-28,yes,,Responded,2025-0208 (2025-03-10),228,"APPROVE Motion by Mitchell, Bass, Dutra, Sandoval, Solis, and Dupont-Walker that the Board direct the Chief Executive Officer to: A. Conduct a survey among past and current LIFE participants to identify the greatest barriers and opportunities to increasing utilization of LIFE benefits. B. Report back in March 2025 with a presentation on the survey’s key findings, an analysis of utilization data, a",
2024-0360,2024-05-23,15.1,Horvath,Hahn; Dutra; Butts; Solis; Barger,yes,2024-06-28,no,,Responded,2024-0424 (2024-06-04),12,"APPROVE Motion by Horvath, Hahn, Dutra, Butts, and Solis, as amended by Barger that the Board direct the Chief Executive Officer to: A. Invite the multi-agency law enforcement partners (LASD, LAPD, LBPD) to participate in a discussion about public safety on the Metro system at the June 2024 Board Meeting, to include, but not be limited to discussion of staffing and deployment levels; system-wide c",
2024-0365,2024-05-23,31,Bass,Barger; Hahn; Solis; Najarian; Yaroslavsky,no,,no,,Responded,2024-0827 (2024-09-05); 2024-0965 (2024-09-25); 2024-1038 (2024-10-30); 2024-1165 (2024-12-30); 2025-0097 (2025-02-03),105,"APPROVE Motion by Bass, Barger, Hahn, Solis, Najarian, and Yaroslavsky that the Board direct the Chief Executive Officer to: A. Increase the daily planned deployment of public safety personnel, adjusting deployment to focus on the rail cars, buses, and stations with the highest incidents of crime and public safety issues so that riders and frontline employees feel safe. B. Direct public safety per",
2024-0394,2024-05-23,,Butts,,no,,no,,Direct action,,,APPROVE Motion by Butts that the Board of Directors: A. Approve the staff recommendation on LPA and continue the EIR process in compliance with CEQA; B. Complete studies to respond fully to public comments received on the ROW and Hawthorne Blvd Alignments in the Final EIR; and C. Continue to develop refined cost estimates for the LPA on the ROW alignment and develop a refined funding plan that inc,
2024-0258,2024-04-25,22,Bass,Butts; Dutra; Dupont-Walker; Mitchell; Solis,yes,2024-06-28,yes,,Responded,2024-0463 (2024-06-28),64,"APPROVE Motion by Directors Bass, Butts, Dutra, Dupont-Walker, Mitchell, and Solis that the Board direct the Chief Executive Officer to: A. Make the GoPass Fareless Pilot Program permanent and provide a report back to the Board annually at the September Board Meeting, beginning September 2024, on program implementation, including but not limited to: 1. An analysis reflecting the prior 12 months of",
2024-0275,2024-04-25,31.1,Yaroslavsky,Bass; Krekorian; Dupont-Walker; Solis,yes,2025-01-28,yes,,Responded,2024-0470 (2024-07-03); 2024-0975 (2024-10-01); 2024-1073 (2024-11-15),69,"APPROVE Motion by Yaroslavsky, Bass, Krekorian, Dupont-Walker, and Solis that the Board direct the Chief Executive Officer to: A. Report back to the September Operations Committee on a more detailed and updated plan to deliver a 100% Zero Emissions bus fleet as soon as is possible and fiscally responsible; with interim milestones and metrics for both rolling stock and electric vehicle infrastructu",
2024-0206,2024-03-28,24.1,Solis,Bass; Hahn; Horvath; Najarian; Yaroslavsky,yes,2024-06-26,no,,Responded,2024-0914 (2024-09-13),169,"APPROVE Motion by Directors Solis, Bass, Hahn, Horvath, Najarian, and Yaroslavsky that the Board direct the Chief Executive Officer to: A. Develop a framework for and establish a Legislative Advocacy Working Group for the 2028 Games that includes, but is not limited to, the members of the Games Mobility Executives and the County of Los Angeles, to develop and implement a cohesive state and federal",
2024-0208,2024-03-28,39,Yaroslavsky,Bass; Krekorian; Najarian; Horvath,yes,2024-06-28,no,,Responded,2024-0247 (2024-04-10); 2025-0686 (2025-06-09); 2025-0984 (2025-11-06); 2026-0445 (2026-05-22),13,"APPROVE Motion by Directors Yaroslavsky, Bass, Krekorian, Najarian, and Horvath that the Board direct the Chief Executive Officer to: Report back to the Board by June 2024 with a comprehensive review of the Unsolicited Proposal Policy and recommendations for changes to the Policy that include, but are not limited to: A. More direct integration of Metro’s core mission and priorities; B. The advance",
2024-0132,2024-02-22,12.1,Solis,Bass; Dupont-Walker; Horvath; Sandoval,yes,2024-08-20,no,777,Overdue,,,"APPROVE Motion by Directors Solis, Bass, Dupont-Walker, Horvath, and Sandoval that the Board approve Item 12’s staff recommendations (A) through (D) subject to the following conditions of approval, which shall be satisfied before Los Angeles Aerial Rapid Transit (LAART or Project) construction. The conditions of approval are as follows: A. Zero Emissions Transit or its affiliates (hereinafter, “ZE",
2024-0030,2024-01-25,23,Hahn,Solis; Dutra,yes,2024-05-24,no,865,Overdue,,,"APPROVE Motion by Directors Hahn, Solis, and Dutra that the Board direct the Chief Executive Officer to plan for transportation and access for the future SELA Cultural Center, including: A. First-/last-mile efforts to be included in future plans for Gardendale Station, including any unique funding opportunities linked to transit and the arts; and, B. Multi-jurisdictional coordination to address fu",
2024-0031,2024-01-25,22,Hahn,Solis; Horvath; Barger; Dutra; Sandoval,yes,2024-04-24,no,,Responded,2024-0285 (2024-04-24),90,"APPROVE Motion by Directors Hahn, Solis, Horvath, Barger, Dutra and Sandoval that the Board direct the Chief Executive Officer to coordinate with the LA County Department of Mental Health, as well as applicable local jurisdictions, such as the City of Long Beach, in order to: A. Provide appropriate mental health training to frontline Metro staff and contractors, including resources, situational aw",
2023-0658,2023-10-26,18,Horvath,Bass; Yaroslavsky; Butts; Najarian,yes,2024-01-28,no,982,Overdue,,,"APPROVE Motion by Directors Horvath, Bass, Yaroslavsky, Butts, and Najarian that the Metro Board instruct the Chief Executive Officer to: A. Work with the PDA teams to publish reports of their community stakeholder meetings on a dedicated website or platform accessible to the public no later than December 1, 2023, to ensure that the information shared in the PDA teams’ meetings is available to all",
2023-0683,2023-10-26,44,Bass,Hahn; Horvath; Yaroslavsky; Dupont-Walker; Solis,yes,,yes,,No report found,,,"APPROVE Motion by Directors Bass, Hahn, Horvath, Yaroslavsky, Dupont-Walker, and Solis that the Board direct the CEO to: A. Develop a comprehensive Social Resources and Homelessness Action Plan (Plan) to address homelessness within the Metro transit system and connect people with social services and resources. At a minimum, the Plan should include the following: · A data snapshot on the state of h",
2023-0628,2023-09-28,13.1,Najarian,Barger; Solis; Krekorian,yes,2024-04-28,no,891,Overdue,,,"APPROVE Motion by Directors Najarian, Barger, Solis, and Krekorian that the Board direct the Chief Executive Officer to: A. Authorize up to $600,000 in funding from Metro’s Regional Rail-specific revenue sources to conduct a feasibility study focused on reducing train horn noise at the Glendale Station. This study should be conducted in partnership with SCRRA (METROLINK) and local jurisdictions; B",
2023-0598,2023-09-28,30,Bass,Horvath; Krekorian; Najarian; Solis; Hahn,yes,,yes,,Responded,2024-0168 (2024-03-06); 2024-0415 (2024-06-03),160,"APPROVE Motion by Directors Bass, Horvath, Krekorian, Najarian, Solis, and Hahn that the Board direct the Chief Executive Officer to: A. Provide the Board with a current update on the status of the ancillary areas and their cleaning status; B. Develop a detailed plan to conduct daily inspections and cleaning of the ancillary areas across the Metro rail system. This plan is to include methods Metro",
2023-0638,2023-09-28,,Najarian,Butts; Dutra; Hahn; Barger,yes,2024-06-28,no,,Responded,2024-0153 (2024-02-27),152,"APPROVE Motion by Directors Najarian, Butts, Dutra, Hahn, and Barger that the Board direct the CEO to: A. Return to the Board by June 2024 with the recommendation of which zones are proposed to be discontinued or curtailed and to request the additional 6-month extension. The recommendation should include a thorough analysis of all zones with data driven metrics and KPIs outlined above, including d",Manual check: MicroTransit status report 'in response to Board Motion 42'; this motion was filed as related to item 42.
2023-0462,2023-07-27,24,Hahn,Dupont-Walker; Solis; Butts; Sandoval,yes,2023-10-28,no,,Responded,2023-0589 (2023-09-12); 2024-0055 (2024-01-23); 2025-0077 (2025-01-29),47,"APPROVE Motion by Directors Hahn, Dupont-Walker, Solis, Butts, and Sandoval that the Board direct the Chief Executive Officer to provide progress updates on the following: A. Implementing the initiatives laid out in the May 2022 “48 by ’28 Plan” to increase small and disadvantaged business participation in Metro contracts; B. The recommendations included in the September 2022 Office of the Inspect",
2023-0324,2023-06-22,21.1,Najarian,Sandoval; Butts; Barger; Bass,yes,2023-11-28,no,1043,Overdue,,,"APPROVE Motion by Directors Najarian, Sandoval, Butts, Barger, and Bass that the Board direct the CEO to prepare a comprehensive implementation plan for Board consideration to bring public safety in-house and present the plan to the Board in January 2024. The implementation plan should reflect Metro’s commitment to building a new culture of public safety centered on a robust multi-layered approach",
2023-0399,2023-06-22,24,Najarian,,no,,no,,Direct action,,,APPROVE Motion by Director Najarian that the Metro Board direct Metro’s Chief Ethics Officer and CEO to work together to incorporate any proposed changes to the 2024 State Legislative Agenda to address any issues with state legal authorities that may impact Metro activities.,
2023-0351,2023-05-25,17,Horvath,Dupont-Walker; Solis; Barger; Krekorian; Dutra,yes,2023-11-28,yes,,Responded,2023-0768 (2023-12-18),207,"APPROVE Motion by Directors Horvath, Dupont-Walker, Solis, Barger, Krekorian, and Dutra that the Metro Board direct the Chief Executive Officer to establish a permanent Business Interruption Fund and provide a program update in November 2023 that considers, but is not limited to, the following: A. Resources necessary to maintain a permanent Business Interruption Fund; and B. Culturally competent o",
2023-0379,2023-05-25,27,Solis,Bass; Najarian; Dupont-Walker,yes,,no,,No report found,,,"APPROVE Motion by Directors Solis, Bass, Najarian, and Dupont-Walker that the Board direct the CEO to: A. Update current transit signage, maps, geographic information data, and relevant markers used for customer wayfinding and navigation to identify the updated Los Angeles General Medical Center in a manner that is timely and cost-efficient to the agency; and B. Report back on the sphere of influe",
2023-0380,2023-05-25,28,Butts,Horvath; Najarian,no,,no,,Direct action,,,"APPROVE Motion by Directors Butts, Horvath, and Najarian that the Board direct the Chief Executive Officer to: A. Program up to $108M in Sub-Regional Equity Program Funds allocated to the South Bay Council of Governments to serve as a backstop for the Inglewood Transit Connector Project, in accordance with the Board-approved Subregional Equity Program Guidelines; and B. Amend the Measure R Agreeme",
2023-0306,2023-04-27,,Barger,Najarian; Bass; Dutra; Krekorian,yes,2023-08-25,no,1138,Overdue,,,"APPROVE Motion by Directors Barger, Najarian, Bass, Dutra, and Krekorian that the Board direct the CEO to: A. Engage the County of Los Angeles (County), the City of Palmdale, Los Angeles World Airports (LAWA), and the City of Los Angeles with the intent to execute a Master Cooperative Agreement that memorializes a shared interest and commitment to explore the feasibility of locating the proposed C",
2023-0183,2023-03-23,7,Hahn,Dutra; Solis; Barger,yes,2023-06-28,yes,1196,Overdue,,,"APPROVE Motion by Directors Hahn, Dutra, Solis, and Barger that the Board direct the Chief Executive Officer to work collaboratively with the West Santa Ana Branch Corridor City manager Technical Advisory Committee , Gateway Cities Council of Governments, Eco Rapid Transit Joint Powers Authority, local elected officials, community-based organizations, schools and colleges, and residents along the ",
2023-0184,2023-03-23,20,Hahn,Mitchell; Najarian; Dupont-Walker; Horvath,yes,2023-07-21,no,,Responded,2023-0319 (2023-05-01); 2024-0176 (2024-03-07),39,"APPROVE Motion by Directors Hahn, Mitchell, Najarian, Dupont-Walker, and Horvath that the Board direct the Chief Executive Officer to: A. Identify priority bus stops within each local jurisdiction based upon data, including but not limited to: 1. Ridership per line and stop; 2. Existing bus stop amenities such as seating, shelters, and lighting 3. Heat island index 4. EFCs 5. Safety related incide",
2023-0208,2023-03-23,37,Solis,Mitchell; Barger; Hahn; Horvath; Bass,yes,2023-06-28,no,1196,Overdue,,,"APPROVE Motion by Directors Solis, Mitchell, Barger, Hahn, Horvath, and Bass that the Board direct the CEO to: A. Prepare a plan dedicating the L (Gold) Line East LA Civic Center station in honor of the trailblazer Los Angeles County Supervisor and Metro Board Director Gloria Molina; and B. Report back on the above at the June 2023 Executive Management Committee meeting.",
2023-0248,2023-03-23,,Directors,,no,,no,,Direct action,,,APPROVE Motion by Board Directors to Bifurcate Item 23 Transit Law Enforcement Services.,
2023-0245,2023-03-23,,Directors,,no,,no,,Direct action,,,APPROVE Motion by Board Directors to Amend Item 23 Transit Law Enforcement Services.,
2023-0104,2023-02-23,,Hahn,Dutra; Butts; Sandoval,yes,,no,,No report found,,,"APPROVE Motion by Directors Hahn, Dutra, Butts, and Sandoval that the Board direct the Chief Executive Officer to make the following revisions to the proposed Local Contribution guidelines: A. Add language to allow cost-sharing, so that jurisdictions who have qualifying first-/last-mile or in-kind improvements, but do not have a 3% local contribution requirement, can credit those investments they ",
2023-0103,2023-02-23,15,Hahn,Najarian; Dutra,yes,2023-05-24,no,1231,Overdue,,,"APPROVE Motion by Directors Hahn, Najarian, and Dutra that the Board direct the Chief Executive Officer to work with the Cities of Pico Rivera and Commerce, the Southern California Regional Rail Authority (Metrolink), California High Speed Rail Authority (HSR), Amtrak (LOSSAN), and freight rail operators to conduct a feasibility study and strategic plan for a new commuter rail station within the C",
2023-0102,2023-02-23,14,Hahn,Horvath; Mitchell; Solis; Krekorian,yes,2023-06-28,no,1196,Overdue,,,"APPROVE Motion by Directors Hahn, Horvath, Mitchell, Solis, and Krekorian that the Board direct the Chief Executive Officer to report back in June 2023 with recommendations on these new safety features and the feasibility of (1) incorporating them into new bus procurements, (2) installing them into our existing bus fleets, in order to reduce pedestrian collisions and to ensure that bus operators a",
2023-0125,2023-02-23,28,Bass,Hahn; Najarian; Mitchell; Solis; Krekorian,yes,2023-03-15,no,,Responded,2023-0214 (2023-03-21),26,"APPROVE Motion by Directors Bass, Hahn, Najarian, Mitchell, Solis, and Krekorian that the Board direct the Chief Executive Officer to: A. Report back at the March 2023 Executive Management Committee with a list of all Metro-owned property, including rights-of-way and parking lots, that are vacant, surplus, or underutilized. For any parcel with significant limitation or restriction that might precl",
2023-0131,2023-02-23,32,Krekorian,Najarian; Horvath; Barger; Bass; Dupont-Walker,yes,,no,,No report found,,,"APPROVE Motion by Directors Krekorian, Najarian, Horvath, Barger, Bass, and Dupont-Walker that the Board direct Metro to complete a comprehensive assessment of the Pilot Business Interruption Fund program and report back in March with recommendations on how the Pilot BIF could be applied to address local business impacts created by the construction of the East San Fernando Valley Light Rail Transi",
2023-0126,2023-02-23,29,Horvath,Mitchell; Bass; Solis; Hahn; Dupont-Walker,yes,2023-09-28,yes,,Responded,2023-0523 (2023-08-08); 2024-0238 (2024-04-05),166,"APPROVE Motion by Directors Horvath, Mitchell, Bass, Solis, Hahn, and Dupont-Walker that the Board direct the Chief Executive Officer to: A. Commission a refresh on the construction workforce disparity study and report back with status updates in each PLA/CCP Quarterly Update to the Board, and report on findings and recommendations of the study in September 2023 (with the understanding that the di",
2023-0127,2023-02-23,30,Solis,Dupont-Walker; Mitchell; Hahn; Horvath,yes,2023-06-28,no,,Responded,2023-0387 (2023-05-23); 2023-0539 (2023-08-22),89,"APPROVE Motion by Directors Solis, Dupont-Walker, Mitchell, Hahn, and Horvath that the Board direct the Chief Executive Officer or her designee to provide a report back in June 2023 that includes a plan for implementing care-centered strategies to improve community safety and health at the Westlake/MacArthur Plaza Station and nearby transit stops. The report should consider the following: A. Summa",
2023-0130,2023-02-23,31,Hahn,Bass; Solis; Dutra,yes,2023-04-28,no,,Responded,2023-0214 (2023-03-21),26,"APPROVE Motion by Directors Hahn, Bass, Solis, and Dutra that the Board direct the Chief Executive Officer to engage the Los Angeles Homeless Services Authority (LAHSA), as well as the County of Los Angeles and City of Long Beach, in order to implement a new homeless service hub in Long Beach along the Metro Blue Line that can address issues associated with the End of Line policy. Further, we dire",
