file,name
2026-0688,Rules for Open Streets event grants through 2028
2026-0690,Study ads on construction fences at Metro lots
2026-0689,Grow reduced-fare and free-transit programs by 30%
2026-0554,Restructure the board and add a transit advocate or rider
2026-0553,Add a voting board seat for a regular transit rider
2026-0521,Regional cost-sharing for a San Pedro–Long Beach water taxi
2026-0416,Fund a study on who should run the LA River path
2026-0299,Design Van Nuys as a Sepulveda line transfer hub
2026-0297,Study a Valley customer service center in Van Nuys
2026-0232,Plan public-private partnerships to raise money
2026-0233,Turn stations into shopping and service hubs
2026-0234,Design and environmental review for a Pico Rivera rail station
2026-0035,Review how Metro's board is structured
2026-0037,Pick the Hawthorne route for the C Line to Torrance
2026-0019,Let cities move older Metro grants to 2028 Games projects
2025-1013,Evaluate the Warner Center microtransit pilot
2025-1026,Seek operators for a 2028 Games water taxi
2025-0931,Limit freight train impacts in Vernon
2025-0932,Protect contracts for small businesses
2025-0598,Extend reduced fares for wildfire survivors
2025-0546,Dodger Stadium Express
2025-0556,Protect service and communication during immigration raids
2025-0419,Support a financing district along a rail line
2025-0418,Study a San Pedro–Long Beach water taxi
2025-0417,Fan zones and transit access for the 2028 Games
2025-0328,Design Metro for autistic and neurodiverse riders
2025-0217,Pilot station activations like farmers markets
2025-0237,Regional plan for Metro's workforce equity goals
2025-0149,Cost-benefit analysis for big capital projects
2025-0132,Act on rider feedback from the budget town hall
2025-0164,Continue the weapons detection pilot
2025-0011,Rename Long Beach Blvd station to Lynwood
2025-0039,Response to the Eaton and Palisades wildfires
2024-0497,Expand reduced fares (LIFE) through technology
2024-0500,Fix the Transit Watch safety app
2024-0499,Make the reduced-fare (LIFE) program work better
2024-0360,Public safety discussion with LAPD and Sheriff
2024-0365,Surge public safety staff on buses and trains
2024-0394,Approve the C Line extension route and keep studying
2024-0258,Bridge to free transit
2024-0275,Plan for a 100% zero-emission bus fleet
2024-0206,Lobby for 2028 Games transportation money
2024-0208,Review the unsolicited proposals policy
2024-0132,Community benefits conditions for the Dodger Stadium gondola
2024-0030,Connect the Southeast LA Cultural Center to the new rail line
2024-0031,Mental health training and support for frontline staff
2023-0658,Publish Sepulveda project community meeting reports
2023-0683,Homelessness action plan for the Metro system
2023-0628,Study reducing train horn noise in Glendale
2023-0598,Close off station areas used for drug use and sleeping
2023-0638,Microtransit pilot changes
2023-0462,48 by '28 project goals and reciprocity
2023-0324,Plan for Metro's in-house police department
2023-0399,Ethics changes in Metro's state legislative agenda
2023-0351,Permanent fund for businesses hurt by construction
2023-0379,Update maps for LA General Medical Center
2023-0380,Advance the Inglewood Transit Connector
2023-0306,Center for Transportation Excellence in Palmdale
2023-0183,A new start for the West Santa Ana Branch rail line
2023-0184,Metro bus shelters
2023-0208,Rename East LA Civic Center station for Gloria Molina
2023-0248,Split the vote on law enforcement contracts
2023-0245,Amend the law enforcement contracts
2023-0104,Change Measure M local cost-sharing rules
2023-0103,Create a commuter rail station in Pico Rivera
2023-0102,Sensors on buses to protect pedestrians and cyclists
2023-0125,Use Metro property for housing
2023-0131,Business interruption fund for the East Valley rail line
2023-0126,Women in construction jobs on Metro projects
2023-0127,Safety and health at Westlake/MacArthur Park station
2023-0130,Homeless service hub on the Blue Line in Long Beach
