member,meetings,meetings_attended,decisions,missed,missed_pct,conflicts,nay,abstain,aye
James Butts,9,7,71,24,33.8,0,0,0,47
Karen Bass,9,8,71,21,29.6,16,0,0,34
Hilda L. Solis,9,6,71,20,28.2,1,1,0,49
Tim Sandoval,9,8,71,15,21.1,0,0,0,56
Janice Hahn,9,7,71,9,12.7,0,3,0,59
Kathryn Barger,9,8,71,7,9.9,0,0,1,63
Holly J. Mitchell,9,8,71,7,9.9,1,1,0,62
Katy Yaroslavsky,9,8,71,7,9.9,3,0,0,61
Ara J. Najarian,9,8,71,5,7.0,0,1,0,65
Imelda Padilla,9,8,71,5,7.0,2,1,1,62
Jacquelyn Dupont-Walker,9,9,71,1,1.4,0,1,0,69
Fernando Dutra,6,6,45,0,0.0,1,1,0,43
Lindsey Horvath,9,9,71,0,0.0,1,4,0,66
Rex Richardson,3,3,26,0,0.0,3,0,0,23
