date,file,action,aye,nay,voted_no,title
2026-09-24,2026-0577,APPROVED AS AMENDED,10,1,Janice Hahn,"AUTHORIZE the Chief Executive Officer to:  A.	AWARD Contract No. OP118576(2)000 with ElDorado National (California), Inc. (ENC), for the manufacturing and delivery of 220 Battery Electric Buses (BEBs) in the amount of $337,698,727.58 for the base contract, including taxes and delivery; exclusive of "
2026-07-23,2026-0556,APPROVED,12,1,Ara J. Najarian,"At its June committee, Chair Najarian requested that the Board consider the following proposal by Committee Member Fasana seconded by Director Horvath, without further endorsement:  Add the following 3 members to the staff recommendation ·	a rider appointed by the county supervisors residing in an u"
2026-07-23,2026-0554,APPROVED AS AMENDED,12,1,Lindsey Horvath,"APPROVE Motion by Bass, Najarian, Barger, and Dupont-Walker that the Board adopt the following amended alternative:  Amend Alternative D as follows:  A.	The BOS will determine the structure for designating the five County seats on the Metro Board of Directors. Once the elected Los Angeles County CEO"
2026-05-28,2026-0334,FAILED,0,7,Fernando Dutra; Jacquelyn Dupont-Walker; Janice Hahn; Lindsey Horvath; Holly J. Mitchell; Imelda Padilla; Hilda L. Solis,"AUTHORIZE the Chief Executive Officer to:   A.	AWARD a five (5) year Indefinite Delivery/Indefinite Quantity (IDIQ) contract, Contract No. OP132076000, with Shell Energy North America (US), LP for Renewable Natural Gas (RNG), inclusive of a five-year base in the Not-To-Exceed (NTE) amount of $140,00"
2026-05-28,2026-0253,APPROVED ON CONSENT CALENDAR,12,1,Lindsey Horvath,"CONSIDER:  A.	APPROVING the programming of $5,750,000 in Measure M funds to support design activities for SR-71 North; and  B.	AUTHORIZING the Chief Executive Officer or their designee to execute and/or amend all necessary programming documents and project agreements for the SR-71 North design a"
2026-01-22,2025-1053,ADOPTED,9,2,Janice Hahn; Lindsey Horvath,CONSIDER:   A.	RECEIVING the Federal and State Legislative Report;   B.	ADOPTING staff recommended position: SB 677 (Wiener) - Housing development: transit-oriented development. - OPPOSE UNLESS AMENDED (Attachment A).
2025-12-04,2025-0953,APPROVED,10,1,Janice Hahn,"CONSIDER:  A.	SETTING ASIDE Metro’s action on February 22, 2024:  1.	Approving the Los Angeles Aerial Rapid Transit Project with Design Option A;  2.	Certifying the Final Environmental Impact Report; 3.	Adopting the Findings and Statement of Overriding Considerations; and 4.	Adopting the Mitigation "
2025-10-23,2025-0803,APPROVED ON CONSENT CALENDAR,9,1,Lindsey Horvath,"AUTHORIZE the Chief Executive Officer to:   A.	AMEND the I-105 ExpressLanes Project 475004 Life-of-Project (LOP) Budget by establishing funding for the Segment 2 and 3 (Phase 2 Supplement) construction, from Central Avenue to Studebaker Road on the I-105 Freeway. This action increases the existing"
2025-02-27,2024-1085,APPROVED ON CONSENT CALENDAR,7,1,Lindsey Horvath,"AUTHORIZE the Chief Executive Officer to:  A.	EXECUTE Modification No. 1 to Project Identification No. MM500201 with the San Gabriel Valley Council of Governments (SGVCOG) for the SR-57/60 Interchange Improvement Project (Project) in the amount of $13,344,233.05, increasing the contract value from $"
2024-10-31,2024-0857,ADOPTED,10,1,Lindsey Horvath,"AUTHORIZE the Chief Executive Officer to:  A.	ESTABLISH the I-105 ExpressLanes Project 475004 Life-of-Project (LOP) Budget by increasing the existing Preconstruction Budget and by establishing funding for the Segment 1 (Identified Work Package 1) construction, from Sepulveda Blvd. to Central Avenu"
2024-06-27,2024-0406,ADOPTED,11,1,Lindsey Horvath,"CONSIDER:  A.	 APPROVING adjustment of the FY25 Budget which currently has $30 million for SR-71 South Segment Project to provide separate budget line items: $10 million for the SR-71 North Segment Project and $20 million for the SR-71 South Segment Project;  B.	APPROVING the programming of $10 "
2024-06-27,2024-0319,APPROVED,10,1,Lindsey Horvath,"AUTHORIZE the Chief Executive Officer to:  A.	EXECUTE Modification No. 176 to Contract No. OP02461010001, with Cubic Transportation Systems, Inc. (“Cubic”), in the amount of $66,423,946 for upgrading the current fare payment system to include open payment and account-based functionality and expand i"
2024-06-27,2024-0276,APPROVED ON CONSENT CALENDAR,11,1,Lindsey Horvath,"CONSIDER:  A.	PROGRAMMING $2,500,000 in Proposition C 25% or Surface Transportation Block Grant (STBG) for the SR-138 Segment 13; and  B.	AUTHORIZING the Chief Executive Officer (CEO) or their designee to negotiate and execute all necessary agreements for the SR-138 Board-approved projects."
2024-03-28,2023-0756,APPROVED,12,1,Lindsey Horvath,"CONSIDER:  A.	RECEIVING AND FILING the Twenty-Eight by ’28 progress report, and;  B.	APPROVING revisions to the Twenty-Eight by ’28 project list (Attachment A)."
2023-07-27,2023-0305,APPROVED,12,1,Janice Hahn,"CONSIDER:  A.	HOLDING a public hearing on the proposed Resolution of Necessity; and  B.	ADOPTING the Resolution of Necessity authorizing the commencement of an eminent domain action to acquire a 33-month Temporary Construction Easement (“TCE”) from the property identified as Parcel W-2309, APN: 4334"
2023-03-23,2023-0249,APPROVED,11,1,Lindsey Horvath,"A.	AUTHORIZING the Chief Executive Officer to negotiate and execute contract modifications to extend the current multi-agency transit law enforcement contracts annually for up to three additional years, through June 30, 2026, utilizing funds to be requested during future fiscal years’ budget process"
2021-02-25,2020-0888,APPROVED AS AMENDED,12,1,Sheila Kuehl,"CONSIDER:  ADOPT the Commercial Sponsorship and Adoption Policy (Attachment B) in order to create a Commercial Sponsorship and Adoption Program with the goals of generating revenues to support agency programs and initiatives."
2021-02-25,2021-0071,APPROVED,12,1,Sheila Kuehl,"I, therefore move, that we amend the language in the proposed policy under “Temporary Sponsorship” to put in place the 90-day maximum short-term duration for all station dominations, station naming and sponsorships unless approved by the Board to go  beyond 90 days as currently reflected in contract"
2020-10-22,2020-0617,APPROVED,10,1,Janice Hahn,"APPROVE  A.	the NextGen Bus Plan, as adjusted through the public outreach and public hearing process, for implementation starting December 2020, and  B.	Approve the results of the Title VI Service Equity Analysis for the NextGen Bus Plan"
2020-09-24,2020-0522,APPROVED AS AMENDED,12,1,Mike Bonin,"CONSIDER: A.	ADOPTING the proposed FY21 Budget as presented in the budget document (provided in a separate transmittal and posted on metro.net);   1.	AUTHORIZING $6.0 billion annual consolidated expenditures to achieve goals and objectives set forth by the Board adopted Metro Vision 2028 strategi"
2020-08-27,2020-0470,APPROVED,7,1,John Fasana,"AUTHORIZE the Chief Executive Officer to implement a Voluntary Separation Incentive Program (VSIP) that offers an enhanced additional benefit that provides cash payments of up to $7,500, and an additional two years of retirement service credit, to eligible Non-Contract, AFSCME and Teamsters represen"
2020-06-25,2020-0429,APPROVED AS AMENDED,9,2,Kathryn Barger; Ara J. Najarian,"APPROVE Motion by Directors Bonin, Garcetti, Hahn, Dupont-Walker, and Solis that the Board direct the Chief Executive Officer to:  A.	Establish a Transit Public Safety Advisory Committee. This committee should incorporate the existing Community Safety & Security Working Group and include additiona"
2020-06-25,2020-0445,APPROVED,9,2,Kathryn Barger; Ara J. Najarian,"APPROVE Amending Motion by Directors Fasana and Butts that the Board direct the Chief Executive Officer to:  B.	In partnership with the Advisory Committee, Office of Civil Rights, Executive Officer for Equity & Race, and Executive Officer for Customer Experience, develop a community-based approach t"
2018-04-26,2017-0905,ADOPTED,9,1,Sheila Kuehl,"AUTHORIZE the Chief Executive Officer to award a three-year firm fixed unit rate Contract No. OP962800003367 to Nationwide Environmental Services Inc., to provide power sweeping services for Metro transit facilities for a not-to-exceed amount of $5,314,860 effective June 1, 2018 through May 31, 2021"
2018-04-26,2017-0800,ADOPTED,10,1,Sheila Kuehl,ADOPT the Clean Air Vehicle toll discount policy.
2017-07-27,2017-0303,APPROVED AS AMENDED,6,3,Janice Hahn; Hilda L. Solis; Ara J. Najarian,"CONSIDER:  A.	AUTHORIZING the Chief Executive Officer to award a firm fixed-price contract, Contract OP28367-001, Part D, to New Flyer of America for the manufacture and delivery of thirty-five 60’ zero emission transit buses, in the amount of $51,211,033 for the base contract, including charging eq"
2017-07-27,2017-0303,APPROVED AS AMENDED,7,3,Janice Hahn; Hilda L. Solis; Ara J. Najarian,"CONSIDER:  A.	AUTHORIZING the Chief Executive Officer to award a firm fixed-price contract, Contract OP28367-001, Part D, to New Flyer of America for the manufacture and delivery of thirty-five 60’ zero emission transit buses, in the amount of $51,211,033 for the base contract, including charging eq"
2016-09-22,2016-0554,FAILED,6,1,Michael Antonovich,"AWARD a cost plus fixed fee contract for Technical and Program Management Support Services under Contract No. OP3043-3488, to LTK Engineering Services, in the not-to-exceed amount of $3,897,599 for a period of 46 months from issuance of a Notice-to-Proceed (NTP) for the overhaul of 38 Heavy Rail Veh"
2016-09-22,2016-0554,CARRIED OVER,6,1,Michael Antonovich,"AWARD a cost plus fixed fee contract for Technical and Program Management Support Services under Contract No. OP3043-3488, to LTK Engineering Services, in the not-to-exceed amount of $3,897,599 for a period of 46 months from issuance of a Notice-to-Proceed (NTP) for the overhaul of 38 Heavy Rail Veh"
2016-06-23,2016-0359,RECEIVED AND FILED,14,1,Don Knabe,RECEIVE AND FILE Financial Forecasting Model Information for the Potential Ballot Measure Expenditure Plan.
2016-04-28,2016-0371,ADOPTED,8,2,Sheila Kuehl; Ara J. Najarian,"ADOPT staff recommended position:  SB 1018 (Liu) - State Route 710 North Study: Cost Benefit Analysis OPPOSE"
2016-03-24,2016-0061,APPROVED,8,1,Sheila Kuehl,"CONSIDER:  A.	AUTHORIZING implementation of the first phase of the Parking Management Pilot Program at three (3) Metro Parking Facilities along the Expo II extension, pursuant to the Operating Plan (Attachment D) for one (1) year;  B.	AMENDING  Metro’s Parking Rates and Fee Resolution (Attachmen"
2015-09-24,2015-1479,APPROVED,9,1,Ara J. Najarian,"MOTION by Ridley-Thomas, Garcetti, Dupont-Walker and Kuehl directing the Chief Executive Officer to move forward with implementation of Affordable Housing and Business Loan Funds as follows:  A.	Engage the consortium led by California Community Foundation and Low Income Investment Fund to negotiat"
2015-06-25,2015-0478,APPROVED AS AMENDED,8,3,Michael Antonovich; Diane DuBois; Don Knabe,"APPROVED AS AMENDED:  A.	adopting the Regional Bikeshare Implementation Plan for Los Angeles County (“Plan”) (Attachment B).   B.	awarding a two-year firm fixed price Contract No. PS272680011357 (RFP No. PS11357), to Bicycle Transit Systems, Inc. (BTS) for the equipment, installation and operati"
